file,summary,keywords,topic,processed_at
628ebcb8,在2015年9-12月市场剧烈波动和估值分化背景下，强调持币等待价值回归、指数基金投资优势以及控制仓位逐步买入的逆向投资理念。,估值;持币;指数基金;风险;仓位,投资理念,2026-06-24T07:37:45.467958+00:00
3e2f6b01,2016年A股市场经历剧烈波动，E大强调在估值低位时耐心布局、长期持有，并警示追涨杀跌和盲目跟风的风险，同时关注利率、资金面及人性对市场的影响。,估值;长期持有;人性;利率;风险警示,投资理念,2026-06-24T07:37:52.824983+00:00
347f83b9,本月微博整体主题为：在市场震荡与分化中，强调基于估值概率的指数投资、动态平衡与长期持有，警惕高估风险，并批判定投与预测的局限性。,估值;概率;动态平衡;持有;指数投资,投资理念,2026-06-24T07:38:01.373437+00:00
b375f1f2,本月微博整体主题为：在震荡市场中坚持低位收集廉价筹码、耐心持有优质品种，利用行为金融学规避错误，并强调资产配置与节奏控制，等待长期收益的爆发。,不要卖;便宜货;资产配置;行为金融;耐心,投资理念,2026-06-24T07:38:09.716087+00:00
0dc72223,以日经指数长期低迷案例警示投资者，强调买入价格的重要性，并指出在便宜时多买以弥补高位买入的错误。,买入价格;定投;年化收益率;解套;便宜时多买,投资理念,2026-06-24T07:38:14.397382+00:00
d08be4bf,本月微博整体主题为：在市场震荡与分化中，强调基于概率和配置的投资体系，耐心等待低估品种的价值回归，并警惕短期波动与追涨杀跌。,概率;配置;耐心;估值;波动,投资理念,2026-06-24T07:38:35.708615+00:00
0311ca1c,本月微博整体主题是在市场分化与震荡中，强调逆向投资、耐心等待机会、控制风险，并分享投资理念与心理建设。,价值回归;风险控制;逆向投资;GJD;心理建设,投资理念,2026-06-24T07:38:43.450670+00:00
fd80874c,本月微博整体主题为在A股熊市环境下，强调坚持指数投资、利用概率和仓位管理应对市场波动，并逐步加仓以积累筹码，同时通过海外资产配置降低组合风险。,概率;仓位;熊市;指数;均值回归,投资理念,2026-06-24T07:38:51.282435+00:00
bc8640f4,本月微博围绕构建稳健投资体系展开，强调逆向布局、资产配置和长期持有，认为当前市场处于反弹阶段，应关注低估品种如小盘股和医药，而非追高热门品种。,配置;逆向;低估;反弹;策略,投资理念,2026-06-24T07:38:59.876171+00:00
e0f06227,本月微博整体主题为：在市场分化与震荡中，坚持低买高卖、控制成本、耐心积累廉价筹码，并强调投资纪律、独立判断和长期持有。,成本;筹码;浮亏;耐心;独立判断,投资理念,2026-06-24T07:39:08.600301+00:00
d713ec16,本月微博整体主题为：在市场分化与震荡中，坚持低买高卖、控制成本、布局未来，强调确定性、风险控制和长期持有，为未来超级大牛市做准备。,成本控制;确定性;长期持有;低买高卖;风险控制,投资理念,2026-06-24T07:39:29.077962+00:00
8389ff4e,本月微博主要围绕长线持仓品种的选择，强调场内品种作为两融担保品的优势，并对比场外品种的流动性问题。,长线持仓;场内品种;两融担保品;场外品种;流动性,投资理念,2026-06-24T07:39:34.156085+00:00
3a1c3577,本月微博整体主题是在市场进入极端低迷的钻石坑时，强调生存、逆向投资和长期视角，同时讨论职业投资与机会成本的关系。,钻石坑;活下去;逆向投资;机会成本;估值,投资理念,2026-06-24T07:39:40.074987+00:00
c518bc51,本月微博整体主题为在A股市场极度低迷、估值处于历史底部（钻石坑）时，强调保持耐心、控制节奏、利用现金摊低成本，并鼓励投资者克服恐惧，捡拾带血筹码，同时反思杠杆风险与投资心理。,钻石坑;估值;杠杆;心理;成本,投资理念,2026-06-24T07:39:46.291354+00:00
052fec78,在熊市底部区域，强调低估值品种的买入机会和长期持有信心，鼓励投资者克服恐惧、机械执行策略，等待牛市估值修复带来的利润。,熊市;浮亏;钻石坑;买入;牛市,投资理念,2026-06-24T07:39:53.092038+00:00
c6972f9d,在市场底部区域，强调以低估值买入优质品种、保持耐心和佛系心态，避免预测市场，通过仓位管理实现长期盈利。,低估值;仓位管理;佛系投资;不预测;长期持有,投资理念,2026-06-24T07:40:09.048513+00:00
7690870f,本月微博强调在熊市末期保持平和心态，通过概率思维布局积累筹码，追求长期稳定而非短期极致收益。,熊市;概率;情绪;布局;长期,投资理念,2026-06-24T07:40:14.106353+00:00
8d987584,在市场低迷、上证指数周跌幅达3.72%的背景下，强调以长期视角和逆向思维进行投资，利用市场恐慌和估值低位布局，坚持价值投资与均衡配置。,逆向投资;价值投资;估值;长期视角;均衡配置,投资理念,2026-06-24T07:40:21.719382+00:00
f0838451,在2018年底市场低迷期，强调股市是当前最佳投资领域，并警示避免大幅回撤和盲目追逐暴涨品种。,股市;回撤;债券;资产配置;投资策略,投资理念,2026-06-24T07:40:27.084694+00:00
2559e18d,在2018年12月初的熊市末期，E大强调已基本完成仓位建仓，现金仅剩不到15%，并关注十年期国债收益率下行及美股、欧洲市场的估值机会，同时分析中证500指数成分股调整的积极影响。,仓位;估值;十年期国债收益率;中证500;美股,市场分析,2026-06-24T07:40:33.188571+00:00
c48eef8c,在市场底部区域，强调控制节奏、不急于操作，并阐述投资理念：不追求精准择时，关注长期核心因素，以及品种间相关性对组合的重要性。,控制节奏;长期;相关性;底部;不贵,投资理念,2026-06-24T07:40:49.448454+00:00
837f9c11,在2018年12月A股市场极度低迷、上证指数跌破2600点的背景下，E大强调熊市底部应坚持买入优质指数品种，并反思投资者在极端行情下的心理与策略执行能力。,估值;熊市;买入;资产配置;策略,投资理念,2026-06-24T07:40:55.715048+00:00
2db67660,在2018年末深度熊市中，强调坚持低位吸筹、控制回撤，并反驳市场悲观情绪，为未来牛市做准备。,熊市;低位吸筹;控制回撤;长期投资;估值,投资理念,2026-06-24T07:41:03.030272+00:00
101139e1,本月微博整体主题是在2018年熊市末期，强调以概率和纪律为核心进行低位布局，耐心等待牛市到来，并警示杠杆和盲目抄底的风险。,概率;节奏;估值;熊市;耐心,投资理念,2026-06-24T07:41:11.222381+00:00
bd6da992,本月微博整体主题是在市场底部区域鼓励投资者积极布局，强调低估值的黄金坑机会，并讨论大小盘股、指数基金及长期牛市的资金基础。,大底部;廉价筹码;黄金坑;指数基金;长期牛市,投资理念,2026-06-24T07:41:17.930466+00:00
22657271,本月微博整体主题为：坚持指数投资，通过控制成本、分散配置和长期视角，在熊市积累便宜筹码，等待牛市收获，并强调不预测市场、为所有可能做好准备的投资理念。,指数投资;长期;成本控制;不预测;分散配置,投资理念,2026-06-24T07:41:38.531933+00:00
1fc5ea81,2018年2月市场大幅下跌，E大认为市场进入真正建仓期，强调指数投资不会死、控制节奏买入、耐心等待长期收益，并提示投资者克服恐惧、避免追涨杀跌。,建仓;估值;耐心;指数基金;恐惧,投资理念,2026-06-24T07:41:46.856283+00:00
3f111323,2018年3月，E大在市场下跌中强调低估值布局、资产配置和长期持有理念，反对追涨杀跌，并具体讨论了医药、中证500、红利等品种的估值与策略。,低买高卖;资产配置;长期持有;估值;指数基金,投资理念,2026-06-24T07:41:55.314353+00:00
1e6a76fc,2018年4月，E大在市场持续下跌中强调指数投资的确定性、左侧买入的耐心与纪律，并聚焦医药、红利等品种的估值底部机会，同时警示趋势风险与均值回归。,指数投资;估值;医药;红利;趋势,投资理念,2026-06-24T07:42:02.741376+00:00
6ca74624,本月微博整体主题为：在市场阴跌与估值低位区域，强调逆向布局、持有优质品种（如医药、500、红利等），通过波段操作与长期持有实现超额收益，并警示投资者避免追涨杀跌、保持耐心与心理韧性。,估值;阴跌;波段;逆向;持有,投资理念,2026-06-24T07:42:12.292513+00:00
680fa83b,2018年6月市场持续下跌，E大强调在极端低估区域保持信心、执行计划，并重点布局传媒、中证500等品种，同时重申长期看好医药和消费，认为当前是难得的买入机会。,估值;低估;仓位;长期持有;心理准备,投资理念,2026-06-24T07:42:31.201302+00:00
c49e81d3,2018年7月，E大在A股持续下跌、市场情绪悲观的环境中，强调通过估值与趋势结合的策略，在低位区间分批买入优质指数，同时保持现金和耐心，等待趋势反转。,估值;趋势;节奏;现金;情绪,投资理念,2026-06-24T07:42:38.879399+00:00
26ccd37d,2018年8月，E大在市场持续下跌、经济数据走弱的背景下，强调逆向投资、分批买入和长期持有的投资理念，并聚焦于低估值品种的布局机会。,逆向投资;分批买入;低估值;长期持有;市场下跌,投资理念,2026-06-24T07:42:45.602653+00:00
d18a03b9,2019年3月: 临时发车卖出一份中证500C，持仓4个月收益率23%，波段止盈,中证500;卖出;波段操作;止盈;临时发车,交易操作,2026-06-24T07:42:49.717373+00:00
f56d0fbe,2019年8月: S计划买入富国中证红利指数增强(场外100032)和中国海外互联(场内513050或场外164906)，无收益率数据，属于加仓操作,S计划;买入;富国中证红利指数增强;中国海外互联;加仓,交易操作,2026-06-24T07:42:54.995158+00:00
bba507f2,核心观点是投资体系应分为长期主力资金和短期网格波段，长期资金在熊市底部布局后不动，网格应对震荡市降成本，牛市则持有收割，通过多轮周期实现盈利。,网格交易;长期投资;震荡市;牛市;波段操作,投资理念,2026-06-24T07:43:09.217802+00:00
09dc47a9,在市场底部区域，强调逆向投资、分批建仓和长期持有，利用波动而非恐惧，并质疑“这次不一样”的悲观论调。,底部;波动;逆向投资;时间成本;估值,投资理念,2026-06-24T07:43:15.934782+00:00
63ba98f8,本月微博整体主题是强调独立投资理念、识别网络噪音，并鼓励投资者根据自身情况选择适合的投资模式。,投资理念;独立判断;识别噪音;投资模式;时间成本,投资理念,2026-06-24T07:43:21.505014+00:00
12385452,本月微博围绕熊市末期布局，强调大周期投资、机会成本与心理建设，鼓励投资者在低位坚持持有或买入，避免因短期波动错失长期收益。,大周期;机会成本;心理;持有;低估,投资理念,2026-06-24T07:43:29.946135+00:00
a5829d05,在市场低位时鼓励布局，强调指数投资的重要性，提醒投资者避免贪婪和追涨，并分享防骗原则和长期投资理念。,指数基金;布局;牛市;风险;长期,投资理念,2026-06-24T07:43:36.073921+00:00
80a00d43,在熊市底部区域，强调耐心持有、逆向布局，通过数据反驳市场恐慌情绪，并展示资产配置策略以应对波动。,熊市;中证500;估值;资产配置;独立思考,投资理念,2026-06-24T07:43:52.886357+00:00
c9447475,本月微博强调在底部区域配置指数基金后应耐心持有，避免短期择时，以概率思维应对市场波动，等待牛市到来。,底部区域;长期持有;概率;择时;指数基金,投资理念,2026-06-24T07:43:58.558183+00:00
f23d5db0,本月微博围绕A股市场从熊市底部（钻石坑、黄金坑）向牛市初期过渡的阶段，强调通过资产配置和指数投资实现‘熊市不赔钱+建仓、牛市跟上指数’的长期周期策略，鼓励投资者克服恐惧与贪婪，把握低买高卖的机会。,熊市;建仓;牛市;资产配置;指数投资,投资理念,2026-06-24T07:44:05.068756+00:00
12abe06c,本月微博围绕市场从钻石坑反弹后的理性投资与策略调整，强调低买高卖、独立思考及长期视角。,理性;低买高卖;独立思考;钻石坑;坚持,投资理念,2026-06-24T07:44:16.038232+00:00
2c44cc4a,本月微博围绕牛市初期阶段的投资策略展开，强调理性与信心、长期持有和体系化操作，同时提示市场估值回升后的谨慎乐观。,理性;信心;牛市;持有;策略,投资理念,2026-06-24T07:44:21.923373+00:00
3ac995fe,本月微博围绕投资组合的全局观与纪律性展开，强调多品种配置、控制回撤、坚持低估值买入原则，并指出小盘股长期表现优于大盘股。,仓位管理;控制回撤;低估值;投资原则;组合配置,投资理念,2026-06-24T07:44:38.559077+00:00
13f8261c,本月微博整体主题为在市场上升趋势中强调长期持有、避免频繁交易，并深入探讨投资心理学与正确投资原则的重要性。,投资心理;长期持有;不逃顶;舒服;不追热门,投资理念,2026-06-24T07:44:44.990014+00:00
a9d35751,本月微博强调在市场上涨中保持冷静、不追涨，坚持长线投资和波段操作，并重申指数基金作为不死品种的长期优势。,不追涨;冷静;波段操作;指数基金;长线计划,投资理念,2026-06-24T07:44:50.907920+00:00
a514f885,本月微博围绕市场上涨后的投资心态与策略调整，强调理性概率思维、指数基金优势及长期完整周期体验的重要性。,概率;指数基金;投资心态;长期;胜率,投资理念,2026-06-24T07:44:57.181728+00:00
acdf425e,本月微博围绕市场短期暴涨后的冷静期，强调长期投资、资产配置和理性预期，反对追涨杀跌，并回顾了医药等品种的低位布局经验。,长期投资;资产配置;收益率预期;估值;不追涨,投资理念,2026-06-24T07:45:04.264142+00:00
31579606,本月微博围绕市场上涨行情，强调保持仓位、区分长期价值与中短期交易机会，并提示A股估值结构不均，当前仍处于估值修复阶段。,估值;长期投资;中短期交易;仓位;A股,投资理念,2026-06-24T07:45:21.536100+00:00
0f6c6105,本月微博整体主题为在市场调整中强调投资纪律、区分交易品种与投资品种，并反思追涨杀跌的投资者心理。,调整;投资品种;交易品种;追涨杀跌;长期持有,投资理念,2026-06-24T07:45:27.636219+00:00
50f5571d,本月微博围绕市场回调后的投资心态与策略选择，强调不追涨、保留现金等待机会，并探讨长期持有与波段策略的适用性。,不追涨;波段策略;机会;长期持有;心态,投资理念,2026-06-24T07:45:34.304259+00:00
74b9b839,本周市场大幅下跌，E大强调在低位坚定持有优质指数基金，利用波动而非恐慌，并批判追涨杀跌的非理性行为。,低位;坚持;波动;指数基金;精神病患者,投资理念,2026-06-24T07:45:41.627857+00:00
eb281ff7,在市场不确定性增加、趋势转弱且看多情绪过浓的背景下，E大保持谨慎观望，通过调仓优化持仓结构，并持续关注美股等品种的便宜买入机会。,暗中观察;利空;仓位;美股;调仓,市场分析,2026-06-24T07:45:50.282411+00:00
b6d52a72,在市场持续下跌和坏消息频出的背景下，强调控制节奏、保持耐心，并利用历史数据验证当前中证500等品种的低估机会。,控制节奏;中证500;坏消息;历史数据;买入机会,市场分析,2026-06-24T07:46:06.695898+00:00
8864e34e,在市场混沌、缺乏明确趋势的背景下，强调控制仓位节奏和耐心等待，同时提及黄金的避险价值。,混沌;节奏;仓位;黄金;等待,投资理念,2026-06-24T07:46:12.111267+00:00
bdc4450a,在市场下跌、情绪低迷的混沌期，强调保持耐心、控制节奏，利用闲钱投资，并抓住历史性低估机会分批买入中证500等品种。,闲钱;便宜;中证500;波动;仓位,投资理念,2026-06-24T07:46:19.100440+00:00
d28e173b,本月微博整体主题是强调投资中保持平和心态、避免情绪化波动，并倡导通过积累价值而非功利性抄袭来获得认可。,价值;积累;心态;仓位;波段,投资理念,2026-06-24T07:46:24.087659+00:00
3c8cf587,本月微博围绕市场震荡中的仓位管理、投资心理和概率思维展开，强调在2900点附近保持冷静，通过分散配置和长期布局实现稳健收益。,仓位管理;概率思维;心理素质;分散配置;长期投资,投资理念,2026-06-24T07:46:32.098234+00:00
1cefa40b,本月微博以投资者互动为主，强调长期投资和人生规划，市场处于震荡调整期。,投资;人生;长期;攒钱;起点,问答互动,2026-06-24T07:46:46.827217+00:00
4c3986db,本月微博整体主题为：利用A股散户主导的波动性，坚持长线仓位为主、短线为辅的策略，并关注黄金等品种的买入时机。,长线仓位;短线;黄金;波动;散户,投资理念,2026-06-24T07:46:52.590908+00:00
8945ea4d,本月微博整体主题为在市场下跌中保持耐心，强调等待宏观经济拐点和流动性改善才是大牛市基础，同时通过具体品种的盈亏对比展示策略有效性。,流动性;宏观经济;耐心;钻石坑;黄金,市场分析,2026-06-24T07:46:58.011484+00:00
3f7031ca,本周内容极少，仅有一条微博，但通过网友评论展示了投资者在震荡市中对E大投资策略的讨论与反思。,ETF拯救世界;长赢指数投资;震荡市;网友评论;投资策略,其他,2026-06-24T07:47:02.736065+00:00
72a9cf2d,本周微博围绕A股波动特性、上市公司盈利周期及贵金属趋势展开，强调利用波动率提高收益，并提示多看少动、等待时机。,波动率;多看少动;盈利周期;贵金属;转债,市场分析,2026-06-24T07:47:08.969280+00:00
92305a18,在市场趋势整体向下的背景下，强调控制节奏、耐心等待机会，并关注防守品种（如转债、黄金）和潜在加仓点（如恒生指数、日本股市）。,趋势向下;控制节奏;转债;黄金;加仓,投资理念,2026-06-24T07:47:25.323297+00:00
c3eda944,在市场下跌中，强调提前准备、不预测趋势、分批买入，并关注恒生等品种的长期机会。,趋势;准备;历史;恒生;买入,投资理念,2026-06-24T07:47:31.216634+00:00
22a74ede,本月微博围绕独立投资思维、安全交易策略和指数投资的可量化区间展开，强调情绪控制与系统化执行。,独立思维;交易策略;安全;估值区间;情绪控制,投资理念,2026-06-24T07:47:37.134524+00:00
37d0e35c,本周E大强调在震荡市场中保持舒适心态，关注医药品种的走好迹象，并分享投资中的长期持有与生活平衡理念。,涨跌都舒服;医药;压力位;上上下下的享受;生活,投资理念,2026-06-24T07:47:41.617364+00:00
119c59eb,本月微博围绕恒生指数下跌后的买入机会展开，强调低估值买入的重要性，并分享投资心态与行为模式对成功的影响。,恒生;买入;成本;收益率;成功习惯,交易操作,2026-06-24T07:47:47.662012+00:00
887e7277,本月微博整体主题为在市场回暖初期强调长期投资理念、大周期操作和资产配置策略，提醒投资者保持理性、避免追涨杀跌，并分享具体品种的买卖时机与收益表现。,大周期;波段;心态;加仓;牛市,投资理念,2026-06-24T07:48:04.233429+00:00
bf329fbd,本月微博整体主题是强调投资逻辑与体系的重要性，通过历史验证和逆向思维传递信心，同时提示创业板买入风险。,投资逻辑;体系;时间验证;逆向思维;创业板,投资理念,2026-06-24T07:48:09.696302+00:00
37d9af3f,本月微博整体主题为：在市场波动中强调经验积累与心态淡定，并指出回踩是常见现象。,经验;波动;淡定;回踩;成功,投资理念,2026-06-24T07:48:14.343211+00:00
a4e269bb,本周市场下跌，E大强调不预测短期走势，坚持顺势而为，并重申基于指数长期向上和短期波动的投资体系设计原则。,顺势而为;波动;支撑位;投资体系;长期向上,投资理念,2026-06-24T07:48:19.358662+00:00
b2995226,本月微博强调在仓位充足的基础上保持现金，抓住资本市场周期性机会，并坚持逆向投资与第二层思维，以医药为例说明利空下的买入逻辑。,仓位;现金;机会;利空;第二层思维,投资理念,2026-06-24T07:48:25.324322+00:00
81a5441e,在A股市场震荡、长期仓位已建好的背景下，强调投资中等待与关键时点决策的重要性，并提示当前阶段无需频繁操作。,等待;长期仓位;关键时点;网格;波段,投资理念,2026-06-24T07:48:40.584450+00:00
9567f9e1,本月微博围绕在不确定性市场中通过概率化策略和体系化投资实现稳健盈利，并提及中证500的支撑位表现。,不确定性;概率;策略;支撑位;赚钱,投资理念,2026-06-24T07:48:45.252171+00:00
b2638486,本月微博围绕市场估值低位、耐心持有现金等待机会、以及未来牛市临近的主题展开，强调守正出奇的投资策略。,现金;估值;牛市;守正出奇;耐心,投资理念,2026-06-24T07:48:51.308787+00:00
4148735b,本月微博强调在震荡市场中保持舒适心态，通过长线持仓和短线波段结合，利用概率思维布局，避免情绪化决策，并关注医药等品种的长期价值。,独立思考;长线持仓;概率;舒适;波段,投资理念,2026-06-24T07:48:58.130688+00:00
96200601,本月微博整体主题为在市场下跌中保持信念，利用波动进行波段操作，并强调恒生指数的极端买入机会。,信念;恒生;波段;买入机会;波动,投资理念,2026-06-24T07:49:04.987496+00:00
204947d7,本月微博整体主题是强调长期投资、耐心等待和心态调整，同时结合市场结构性分化进行策略布局。,等得起;长期资金;心态;医药;低估,投资理念,2026-06-24T07:49:21.474535+00:00
4b0754c9,本月微博整体主题为在市场趋势下行、指数普遍走弱的环境下，强调耐心等待、广积粮、保持现金，并暗示即将出现买入机会。,趋势下行;广积粮;现金;买入点位;耐心,市场分析,2026-06-24T07:49:27.358557+00:00
d81563c3,本月微博围绕投资中的独立思考、量化趋势与价值结合、以及长期稳健的资产配置策略展开，强调在波动中保持冷静和理性。,独立思考;量化;趋势;价值;仓位,投资理念,2026-06-24T07:49:34.240379+00:00
585b95d7,本月微博围绕市场波动中的投资心态与策略融合展开，强调将波动化为己用、左侧与右侧交易结合，并探讨财务自由与工作意义的关系。,波动;左侧;右侧;网格;心态,投资理念,2026-06-24T07:49:40.683032+00:00
9bcaa843,本月微博整体围绕市场波动中的投资心态与策略展开，强调指数投资的基石作用，并反思市场噪音对决策的影响。,传媒;指数投资;涨跌;心态;均值回归,投资理念,2026-06-24T07:49:46.948897+00:00
6e06fadb,本月微博围绕投资心态与指数投资策略展开，强调在长期震荡市中通过波段操作和计划执行实现盈利，而非依赖点位预测。,波段;指数;心态;计划;3000点,投资理念,2026-06-24T07:50:02.713348+00:00
86b80845,本月微博围绕市场上涨行情，强调理性投资与价值判断，反思散户追涨杀跌的常见误区，并展示组合盈利状况。,理性;赚钱;炒作;浮亏;网格,投资理念,2026-06-24T07:50:09.318808+00:00
9ab8bb0e,本月微博整体围绕投资心态、策略执行与人生哲学展开，强调在震荡市场中保持淡定从容，通过网格交易等策略平衡风险与收益，并倡导开放包容的学习态度和正确的金钱观。,网格交易;心态;从容;策略;赚钱,投资理念,2026-06-24T07:50:15.692284+00:00
e1dce287,面对疫情引发的市场恐慌和波动，强调指数投资相比炒股的优势，重申低估值买入、耐心持有、利用波动赚钱的理念，并提示当前估值尚未达到历史极端低位。,波动;估值;指数投资;心态;炒股难,投资理念,2026-06-24T07:50:23.561507+00:00
95c6bfaf,在2020年2月3日A股因疫情暴跌后，E大强调市场处于历史低位，呼吁理性投资，反对恐慌卖出，并倡导执行既定策略。,策略;人性;概率;波动;执行,投资理念,2026-06-24T07:50:28.398623+00:00
a1db48ef,本月微博整体围绕市场上涨背景下的品种估值与策略执行，强调在便宜时买入并长期持有，同时批评投资者不按计划操作却抱怨亏损的行为。,估值;长线;仓位;压力测试;策略,投资理念,2026-06-24T07:50:44.792826+00:00
6473c2bc,本月微博围绕市场从钻石坑反弹后的分化格局，强调在整体不贵但局部过热的环境下，坚持低位买入、高位卖出、持有优质品种的投资策略，并批判追涨杀跌和盲目依赖财务分析的行为。,估值;持有;卖出;创业板;机会,投资理念,2026-06-24T07:50:51.507194+00:00
5464769d,本周微博围绕市场波动与风格切换，强调投资需超越短期热点，坚持基于估值和周期的长期策略，并反思投资者常见误区与人性弱点。,周期;估值;仓位;人性;长期,投资理念,2026-06-24T07:50:58.964774+00:00
5862fbea,本月微博围绕市场波动与投资心态，强调基于估值和概率的仓位管理，以及持有优质指数基金的长期信仰。,仓位;估值;信仰;红利;创业板,投资理念,2026-06-24T07:51:05.870683+00:00
4382a666,在2020年3月全球市场因疫情和美股熔断剧烈动荡的背景下，E大强调危机中的投资机会，通过减仓高估值品种、控制节奏逐步加仓低估值资产，并重申杠杆、现金流和极限跌幅认知的重要性。,危机;估值;买入节奏;杠杆;指数基金,投资理念,2026-06-24T07:51:14.291076+00:00
90c065d6,在市场极端暴跌和多次熔断背景下，强调独立判断、仓位管理、现金为王和耐心等待时机，并开始逐步买入海外及港股品种。,仓位管理;现金;耐心;独立判断;买入时机,投资理念,2026-06-24T07:51:31.404543+00:00
f0409c87,在市场恐慌下跌至疫情低点（上证2600点附近）时，强调危机中买入的历史性机会，安抚投资者情绪，并分享长线持仓与波段交易结合的策略。,买入;下跌;机会;成本;心态,投资理念,2026-06-24T07:51:37.948554+00:00
957cc2fb,本月微博整体主题为在市场低迷、趋势不明时保持耐心，强调仓位管理、体系纪律和逆向思维，等待空间或趋势信号，同时分享历史经验以鼓励投资者在浮亏中坚持并利用技能扭亏为盈。,仓位;趋势;耐心;体系;浮亏,投资理念,2026-06-24T07:51:44.201645+00:00
b1c96efc,本月微博整体主题为：在市场波动中通过波段操作降低成本、加厚安全垫，并强调纪律执行与长期财务规划，同时提示医药品种已不再便宜。,波段操作;安全垫;成本降低;纪律;医药,投资理念,2026-06-24T07:51:50.171676+00:00
22c7c5a5,本月微博围绕市场波动中的投资心态、交易纪律和品种估值展开，强调长期视角和逆向思维。,估值;仓位;趋势;心态;医药,投资理念,2026-06-24T07:51:58.125324+00:00
2134e305,本月微博围绕市场波动与风险控制，强调现金积累、等待低价机会，并对部分品种（医药、中概、白银）做出具体操作判断。,现金积累;风险控制;医药;中概;白银,投资理念,2026-06-24T07:52:13.727233+00:00
df12d44b,本月微博围绕市场波动中的投资心态与操作纪律展开，强调区分买入、持有、卖出的三种状态，并指出波段操作与长期持有的辩证关系。,不买;持有;波段;卖出;波动,投资理念,2026-06-24T07:52:19.722362+00:00
e10386cf,本月微博围绕长期投资理念，强调耐心持有、低位布局和反人性操作，反对追逐高估值热点，倡导通过不同周期品种的轮动实现资产配置。,长期投资;估值;反人性;波动;品种周期,投资理念,2026-06-24T07:52:25.862761+00:00
d56cf60b,在指数震荡、市场半死不活的环境下，强调投资需守正出奇，并通过历史走势对比展示A股波动大但长期不差的特性。,守正出奇;指数;波动;资产新高;门票股,投资理念,2026-06-24T07:52:32.177021+00:00
03d51977,本月微博围绕黄金避险价值、品种长期持有与短期爆发的投资逻辑，以及波段操作和仓位管理展开，强调耐心等待和逆向布局。,黄金;避险;波段;长期;仓位管理,投资理念,2026-06-24T07:52:38.303703+00:00
768e1cfc,本月微博整体主题为在震荡市中通过波段操作和网格策略获取收益，并提示投资者在经验提升后准备增加品种。,波段;网格;震荡;新高;压力位,市场分析,2026-06-24T07:52:53.605231+00:00
25e42285,本月微博围绕市场反弹后的仓位管理、品种估值分化及长期投资理念展开，强调逆向思维和资产配置的重要性。,仓位管理;逆向投资;长期看好;估值;品种分化,投资理念,2026-06-24T07:53:01.187231+00:00
2a7363c2,本月微博围绕市场高位风险、品种估值与买卖时机展开，强调长期投资理念和逆向操作，警惕追高行为。,估值;长期;风险;买卖时机;医药,投资理念,2026-06-24T07:53:08.260390+00:00
39f79582,本月微博围绕医药品种的估值与操作展开，强调在上涨中分批止盈以保持心理舒适，并提醒长期投资中避免买贵。,医药;估值;止盈;心理;成长指数,投资理念,2026-06-24T07:53:14.493117+00:00
e8ac4625,本月微博围绕市场高位（尤其是创业板）的泡沫风险，强调投资中的人性弱点、不追求完美操作、以及坚持在极端估值区域卖出的理念。,创业板;人性;卖出;泡沫;估值,投资理念,2026-06-24T07:53:21.392225+00:00
3e4e7c19,本周微博围绕市场上涨行情，强调保持投资纪律、避免追涨杀跌，并讨论红利、金融等品种的长期价值与市场情绪信号。,仓位;红利;牛市;信心;市场情绪,投资理念,2026-06-24T07:53:37.881427+00:00
149906b7,本周微博围绕牛市初期的市场情绪、交易策略和风险控制展开，强调在上涨中保持冷静、观察数据、避免追涨，并提醒注意融资风险。,值博率;两融余额;情绪;信念;风险控制,投资理念,2026-06-24T07:53:44.014734+00:00
d406c303,本周微博整体主题是在市场大幅回调（周跌幅5%）背景下，重申牛市中的交易纪律、投资心态管理，并预告未来投资体系（4.0）的升级方向，强调长期持有、低位积累本金和避免追涨杀跌。,牛市;交易;医药;本金;策略,投资理念,2026-06-24T07:53:50.954818+00:00
b91ca29f,本月微博围绕市场波动中的财富再分配、指数投资蓄势待发的理念，强调下跌中收集筹码、持有现金和留足安全边际的重要性，并提醒投资者警惕经验主义错误。,下跌;现金;安全边际;指数;波动,投资理念,2026-06-24T07:53:57.618528+00:00
3410f8ac,本月微博围绕市场高估值板块的泡沫与风险，探讨投资者等级与理性应对策略，强调享受泡沫但需保持警惕。,高估;泡沫;风险;投资者等级;理性,投资理念,2026-06-24T07:54:03.145806+00:00
b899c2c6,本月微博整体主题是强调投资中独立思考、综合判断的重要性，并批判短期投机行为，倡导长期持有优质仓位。,长期持有;独立思考;综合判断;收益率;投资体系,投资理念,2026-06-24T07:54:19.056425+00:00
59702fcb,本月微博围绕投资理念与市场观察展开，强调人品与努力在财富积累中的重要性，并警示军工等高估值品种的风险。,人品;投资方式;估值;军工;财富路径,投资理念,2026-06-24T07:54:24.752833+00:00
a2183fc9,本月微博围绕投资本质展开，强调散户需认清市场博弈格局，以“熊市不赔钱、牛市大致跟上”为核心策略，通过历史案例说明长期稳健收益的重要性。,熊市不赔钱;年化收益;互摸口袋;科技股;市场平均收益,投资理念,2026-06-24T07:54:31.707101+00:00
5788b01d,本月微博整体主题是警示高估值品种风险，并阐述普通人财富分层与理性投资的重要性。,理性投资;财富分层;市盈率;风险;资产,投资理念,2026-06-24T07:54:36.571747+00:00
20037c31,本月微博围绕市场震荡与分化，强调低位买入、耐心持有、高位卖出的简单投资策略，并反思美股等品种的仓位与操作失误。,低位买入;耐心持有;做错;看不懂;新高,投资理念,2026-06-24T07:54:43.895143+00:00
5eed15ff,本月微博强调市场下跌中蕴含机会，倡导逆向投资和长期慢牛格局，同时批评抱团炒作行为，并提醒投资者提升自身能力以避免误解。,机会;慢牛;抱团;估值;逆向投资,投资理念,2026-06-24T07:55:00.009857+00:00
59c9ec9d,本月微博整体主题是强调投资应基于概率计算和理性判断，在大概率获胜时下注，避免盲目跟风或短期情绪驱动，同时保持仓位灵活，等待市场下跌机会。,概率;理性;仓位;估值;短期,投资理念,2026-06-24T07:55:07.206748+00:00
c2ffb7c7,本月微博强调在市场高位时保持耐心和纪律，避免追涨，等待最佳买入时机，并展示通过网格和长线策略在市场波动中获利的成功经验。,耐心;现金;网格;长线;不追高,投资理念,2026-06-24T07:55:13.640916+00:00
e2de8422,本月微博围绕投资体系中的仓位管理、入市时机和机构利益冲突展开，强调长期低位买入与波动操作结合的策略。,仓位管理;入市时机;长期持有;波动操作;机构利益,投资理念,2026-06-24T07:55:18.537564+00:00
c529d086,本月微博强调投资前需制定预案并严格执行，以应对不同品种表现，同时通过类比生活策略（如断食法）说明规则执行的重要性。,预案;规则;执行;策略;品种,投资理念,2026-06-24T07:55:23.460640+00:00
f3684c6c,本月微博整体围绕投资体系的重要性展开，强调长期成功依赖系统化方法而非短期运气，同时提及债券反弹和医药品种的买卖时机。,体系;成功;债券;医药;长期,投资理念,2026-06-24T07:55:38.949617+00:00
8a06269c,本月微博整体主题为在市场下跌中保持耐心，等待A股买入机会，并强调投资应基于个人收入水平。,A股;买入机会;医疗;国债;投资建议,市场分析,2026-06-24T07:55:44.205511+00:00
e651135f,本周微博围绕市场波动与投资心态，强调低成本持仓和逆向操作，关注恒生、医药等品种的估值与机会。,恒生;医药;低成本;持仓收益率;加仓,投资理念,2026-06-24T07:55:50.445234+00:00
5c7a1a16,本月微博围绕红利品种创新高、策略执行纪律、投资价值观与市场历史研究展开，强调长期持有与信仰的重要性。,红利;策略;信仰;长期持有;市场历史,投资理念,2026-06-24T07:55:56.419712+00:00
b06715bd,本月微博以投资品种的周期起伏类比人生，强调在低位买入、高位谨慎，并分享持仓舒适感与市场风格切换的观察。,低位买入;高位谨慎;持仓舒适;风格切换;人生类比,投资理念,2026-06-24T07:56:03.194698+00:00
5c514720,本月微博围绕投资心态、策略纪律与品种操作展开，强调耐心等待、不追涨杀跌，并针对医药、恒生等品种给出具体买卖时机与仓位建议。,新高;不卖;下跌;仓位;策略,投资理念,2026-06-24T07:56:21.497067+00:00
e8e997e6,本月微博围绕投资理念、市场心理和策略执行展开，强调安全边际、长期持有与成本控制，并针对具体品种如医药、中概互联等给出估值与操作建议。,安全边际;成本;拿住;策略;宽基,投资理念,2026-06-24T07:56:27.526772+00:00
15c684a3,本月微博围绕市场波动与投资策略展开，强调长期持有与波动仓位结合、避免盲目短线交易，并通过股民盈亏数据启发投资者做大概率赢的策略。,波动;策略;交易;概率;仓位,投资理念,2026-06-24T07:56:35.125436+00:00
0aabc3db,本月微博围绕市场波动中的投资心态、买卖策略和品种表现展开，强调长期持有和低位买入的重要性，并回顾了环保、医药等品种的走势。,买入;卖出;长期持有;心态;环保,投资理念,2026-06-24T07:56:41.189312+00:00
8581f1f2,本月微博整体主题为：在市场上涨中强调投资思维模式、组合配置与耐心持有，警惕追高和短期情绪，并分享对环保等品种的持仓及对白酒等热门板块的谨慎态度。,思维模式;组合;耐心;上涨;持有,投资理念,2026-06-24T07:56:48.976677+00:00
1839307f,本月微博整体主题为：在年末市场分化、中小盘股惨淡的背景下，强调基于客观交易策略而非主观判断进行投资，并警示2021年部分板块在暴涨后可能出现大幅下跌。,交易策略;波段操作;暴跌;暴涨;再平衡,投资理念,2026-06-24T07:57:06.486021+00:00
5e04a2cf,2020年11月: 150计划和S计划各卖出一份中国海外互联，收益率超过70%，选择止盈,中国海外互联;卖出;150计划;S计划;止盈,交易操作,2026-06-24T07:57:10.899917+00:00
45032d05,2020年12月: 150计划卖出一份中证环保(512580/001064)，收益率70%以上，买入一份7-10国开债(003376)，预计最大跌幅40%,中证环保;7-10国开债;卖出;买入;150计划,交易操作,2026-06-24T07:57:16.314195+00:00
b85cd75e,本月微博围绕市场上涨背景下的投资心态与策略展开，强调理性持仓、不追高、不盲从，并分享了对品种配置和意外事件应对的思考。,持仓;人性;价值;牛市;品种,投资理念,2026-06-24T07:57:24.385021+00:00
0d406e5c,本月微博围绕市场极端分化、估值矛盾与投资节奏展开，强调在结构性行情中坚持策略、控制情绪，并利用波段操作降低成本。,估值;波段;节奏;情绪;分化,市场分析,2026-06-24T07:57:30.815266+00:00
35b4c1cf,本月微博围绕市场风格切换与投资心态展开，强调在核心资产热潮中保持逆向思维，关注被低估品种的轮动机会，并提醒投资者重视学习过程而非短期盈亏。,核心资产;风格切换;逆向投资;恒生;红利,投资理念,2026-06-24T07:57:47.523283+00:00
2ff37ed0,本月微博整体主题是：在市场结构性分化与局部过热中，强调熊市买入、越跌越买的投资理念，警示追涨风险，并分享对具体品种的估值与操作策略。,熊市买入;收益率;估值;耐心;追涨,投资理念,2026-06-24T07:57:54.853223+00:00
7a012abc,本月微博整体主题是提醒投资者在牛市中保持谨慎，强调新投资者不宜跟车，并分享投资策略与市场数据，警示散户在牛熊转换中的风险。,新朋友;浮亏;补仓;散户;牛市,投资理念,2026-06-24T07:58:01.228796+00:00
2b909b54,本月微博强调在牛年市场分化、抱团行情极致时，应坚持投资体系、关注低估品种（如红利、小盘股），并警示泡沫风险。,投资体系;低估;抱团;泡沫;红利,投资理念,2026-06-24T07:58:09.168249+00:00
8da0856c,本月微博整体主题为：在牛市中保持清醒，强调低买高卖、长期持有优质品种，并通过网格交易和风险控制实现稳健收益。,风险控制;低买高卖;网格交易;长期持有;品种轮动,投资理念,2026-06-24T07:58:15.813651+00:00
f7e944f0,本周市场大幅下跌，E大强调在热门品种高位时已减持，并重申低位买入、不追涨、不预测涨跌、设计应对策略的投资理念，同时嘲讽追高行为并展示长期策略的稳健收益。,低位买入;不追涨;应对策略;减持;长期收益,投资理念,2026-06-24T07:58:32.305845+00:00
d2a39d58,本月微博整体主题是在市场混沌下跌中，强调策略执行、品种估值回归和长期投资心态，避免追涨杀跌。,混沌;估值;策略;长期投资;提款机,投资理念,2026-06-24T07:58:39.252759+00:00
857bb5ed,本月微博整体主题为在市场大幅回调中，强调保持仓位平衡、利用波动提款，并指出行情未结束、新明星将登场，同时反思投资心态与风险承受能力。,波动;仓位;不贵;心态;长期,投资理念,2026-06-24T07:58:46.768443+00:00
3b544053,本月微博围绕市场下跌中的投资心态与策略展开，强调历史规律、风险控制、仓位管理及长期视角，鼓励投资者在低位保持耐心并执行既定计划。,风险控制;仓位管理;历史规律;投资心态;长期视角,投资理念,2026-06-24T07:58:52.731311+00:00
89d993d2,本月微博整体主题是强调投资需要耐心等待不同品种的周期花开，坚持长期持有和低风险策略，避免因贪婪而冒险，同时分享交易体系中的大周期波段与网格波动策略。,花开有时;耐心;长期持有;网格交易;低风险,投资理念,2026-06-24T07:58:59.866087+00:00
9f03c0f3,本周微博围绕市场震荡反弹，强调独立投资、谨慎加仓，并分享对数据分析和长期投资的幸福感。,长期仓位;短期波段;估值数据;独立投资;盈利,投资理念,2026-06-24T07:59:15.259284+00:00
1f44d5fc,本月微博整体主题围绕投资理念与生活哲学，强调未雨绸缪、低买高卖和善良投资，同时提及市场无聊及基金基础知识。,低买高卖;未雨绸缪;善良;存钱;不懂不做,投资理念,2026-06-24T07:59:20.558655+00:00
721acc23,本月微博整体主题为在市场平淡期保持耐心，强调投资体系与预案的重要性，并分享对市场生态、投资心态及生活哲学的思考。,市场无聊;投资体系;慢牛;估值;开心,投资理念,2026-06-24T07:59:26.952753+00:00
52f68518,本月微博整体主题为强调投资体系与心态的重要性，坚持按规划执行，等待市场验证，并提及具体品种的买卖时机与长期评价。,成就感;规划;便宜;回本;信心,投资理念,2026-06-24T07:59:33.121625+00:00
d39022ee,本月微博围绕A股长牛趋势、注册制生态变化及具体品种估值分析展开，强调低位持有、不追高、耐心等待机会的投资策略。,长牛;注册制;估值;红利;医药,投资理念,2026-06-24T07:59:39.586102+00:00
e1f0fb9f,本月微博整体围绕投资中的耐心与纪律，强调在等待市场机会时保护本金、避免频繁交易，并表达了对中概互联等品种的买入期待。,耐心;保护本金;中概互联;等待机会;避免频繁交易,投资理念,2026-06-24T07:59:54.884346+00:00
30ce97bb,本月微博围绕市场波动与投资心态，强调体系化策略（长期仓位与网格波段结合）的重要性，并提醒投资者避免短视和追涨杀跌。,红利;长期;波动;策略;估值,投资理念,2026-06-24T08:00:01.083377+00:00
14674913,本月微博围绕投资组合构建与风险管理，强调品种无绝对好坏、关键在于仓位配比和资金久期，并探讨了长线与波段仓位的资金分配策略。,仓位配比;长线仓位;波段仓位;风险控制;资金久期,投资理念,2026-06-24T08:00:08.209472+00:00
eb19f9cf,本月微博围绕在低迷品种中布局、通过波段操作降低成本增加筹码的投资理念，强调用价值眼光选择品种并用交易策略规范交易，同时反思市场波动中的人性弱点。,低迷品种;波段操作;筹码;成本;人性,投资理念,2026-06-24T08:00:15.545301+00:00
d196bf75,本月微博围绕投资心态、长期持有与行业成长性展开，强调坚守正道、积极学习，并分享医药等品种的操作反思与盈利成果。,躺平;医药;长期持有;盈利;投资心态,投资理念,2026-06-24T08:00:21.778909+00:00
8c962ebd,本月微博整体主题围绕投资心态、资产积累的非线性增长以及市场周期中的机会把握，强调在A股市场通过正确方法实现盈利的可能性。,投资心态;资产积累;市场周期;盈利方法;风险意识,投资理念,2026-06-24T08:00:38.089396+00:00
beab2a4b,本月微博整体主题为：在A股市场整体不贵但部分板块已贵的背景下，强调通过灵活的投资策略（如长线与波段仓位分离）和心态调整，实现涨跌皆可盈利的“全天候提款”模式。,不赔钱;波段仓位;长线仓位;全天候;震荡,投资理念,2026-06-24T08:00:45.593264+00:00
9c21310e,本月微博围绕低买高卖的投资理念，强调在熊市积累筹码、耐心持有不追涨，并反思平衡风险偏好与收益率。,低买;风险偏好;收益率;持有;成本,投资理念,2026-06-24T08:00:51.480739+00:00
ae249460,本周微博强调投资应注重过程而非结果，坚持低买原则，避免追高，并反思市场短期波动中的心态与策略。,便宜;过程;追高;心态;基金经理,投资理念,2026-06-24T08:00:57.802161+00:00
5c165469,本月微博整体主题是强调左侧交易纪律、把握市场下跌机会，并反思消费品种买入不足，同时关注环保、中概等品种的估值与交易时机。,左侧买入;交易计划;下跌;现金;估值,投资理念,2026-06-24T08:01:03.641350+00:00
40206891,本周微博强调在市场分化中保持信仰，通过波段操作和长线持仓实现涨跌都赢，并调侃市场风格轮动。,500;新高;波段;信仰;涨跌都开心,投资理念,2026-06-24T08:01:19.160719+00:00
1822c60d,本月微博围绕市场风格切换，强调配置与削峰填谷策略，批评盲目跟风，并具体讨论中证500、红利、消费、传媒、环保等品种的估值与操作。,削峰填谷;配置;浮亏;中证500;传媒,投资理念,2026-06-24T08:01:25.920628+00:00
ba799127,在市场下跌中强调左侧交易节奏、仓位管理和策略纪律，安抚投资者情绪并提示耐心等待机会。,左侧交易;仓位管理;策略纪律;估值;耐心,投资理念,2026-06-24T08:01:33.100903+00:00
7dfb8e22,本月微博整体主题为在市场震荡和板块分化中，强调耐心等待猎物进入射程、利用下跌机会低吸，并警示高估值品种风险。,支撑;下跌;仓位;估值;提款,投资理念,2026-06-24T08:01:38.755581+00:00
921df6af,本周微博围绕市场波动与投资心态，强调在极端行情中坚持独立思考、逆向布局，并回顾了中证500等品种在钻石坑后的优异表现。,中证500;独立思考;逆向投资;收益率;钻石坑,投资理念,2026-06-24T08:01:44.333102+00:00
d4f9202b,本周微博整体主题围绕市场波动中的投资心态、策略纪律以及历史反思，强调在不确定性中保持耐心和提前应对。,波动;耐心;策略;历史;不确定性,投资理念,2026-06-24T08:02:00.204775+00:00
89d5f74e,本月微博围绕红利和中证500的强势表现，强调长期持有与逆向投资理念，并反思市场情绪波动。,红利;中证500;长期持有;逆向投资;配置原则,投资理念,2026-06-24T08:02:05.685921+00:00
1ed0222b,本月微博围绕市场轮动与逆向投资，强调在低迷品种中买入、在高涨品种中卖出的平衡策略，并分享对医药、传媒、中概互联网等受压行业的观察与操作计划。,便宜;轮动;逆向投资;平衡;信念,投资理念,2026-06-24T08:02:12.884753+00:00
55a4c841,本月微博整体主题为：在市场轮动与震荡中，坚持低买高卖、逆向投资，耐心布局未来品种，同时管理情绪与持仓节奏。,低买高卖;轮动;耐心;逆向投资;持仓成本,投资理念,2026-06-24T08:02:21.893679+00:00
7b0c07c7,本月微博整体主题是在市场震荡分化中，强调投资信仰、左侧分批买入策略、长期持有优质品种，并关注中概、环保、红利等品种的估值与机会。,信仰;左侧买入;中概;环保;红利,投资理念,2026-06-24T08:02:29.563264+00:00
723a761d,本月微博整体主题围绕投资心态、策略体系与市场周期，强调在低迷时布局、在得意时警惕，并分享个人持仓与品种观点。,投资心态;策略;仓位;危机;健康,投资理念,2026-06-24T08:02:48.141075+00:00
9e0c57fa,本月微博整体主题为在市场震荡与品种分化中，强调投资纪律、保命第一、耐心等待买点，并聚焦医药、消费、恒生、中概等品种的底部布局与长期策略。,保命;买点;波段;底部;非卖品,投资理念,2026-06-24T08:02:57.355029+00:00
3e38500a,2022年1月，E大预判全年行情复杂、多数指数收阴，强调投资需耐心等待、机械执行计划，并重点看好中概等弱势品种的长期机会。,中概;波动;耐心;捡垃圾;机械执行,投资理念,2026-06-24T08:03:04.435071+00:00
d8be9c91,本月微博整体主题为：在市场回调中保持理性与纪律，利用A股高波动特性，在低估区域分批建仓，为未来3-5年布局，同时强调对具体品种（如医药、红利）的估值判断和策略执行。,估值;建仓;红利;医药;波动,投资理念,2026-06-24T08:03:13.300040+00:00
5ade03c6,本月微博围绕市场恐慌性下跌（俄乌冲突、中概股打压等）展开，强调长期投资理念、风险控制和品种估值判断，重点讨论恒生、中概、环保等品种的买入时机和策略执行。,恒生指数;低买高卖;风险控制;估值;长期持有,投资理念,2026-06-24T08:03:21.663449+00:00
46d9eb6c,2022年4月A股大跌至近两年新低，E大强调在低位保持开放心态、坚持原则和纪律，鼓励新朋友在风险可控下参考其投资计划，并聚焦于恒生、红利、医药、信息等品种的估值与买卖时机。,低位;估值;恒生;红利;纪律,投资理念,2026-06-24T08:03:40.824770+00:00
1435bd3e,本月微博围绕市场波动与投资策略展开，强调理性投资、控制杠杆、逆向思维及长期持有，并关注美股、消费、医疗等品种的估值与时机。,杠杆;逆向思维;估值;长期持有;波动,投资理念,2026-06-24T08:03:49.401916+00:00
ecc8b23a,本月微博整体主题是在市场反弹中巩固和完善投资体系，强调左侧与右侧结合、不死品种的信念，并针对具体品种进行仓位调整和策略升级。,右侧;左侧;信念;波段;仓位,投资理念,2026-06-24T08:03:59.874529+00:00
1f427d86,2022年8月E大因事基本未发微博，整体主题缺失，仅通过公众号日记维持日常沟通，市场处于震荡下跌中。,未发微博;公众号日记;上证指数;下跌;震荡,其他,2026-06-24T08:04:04.699654+00:00
074b2c95,本月微博围绕市场持续下跌中的操作策略与心理博弈，强调在关键支撑位跌破后停止买入、等待反转，并展示对医药和恒生等品种的长期坚守与致敬式买入。,致敬;支撑;医药;恒生;仓位,投资理念,2026-06-24T08:04:11.998333+00:00
3917b9b8,本月微博整体主题是在市场底部区域强调投资纪律、执行计划、反思错误，并鼓励投资者保持信心和耐心。,致敬;执行;反思;底部区域;估值,投资理念,2026-06-24T08:04:30.778024+00:00
6c3a4262,本月微博整体主题是在市场底部区域坚持左侧布局与右侧交易相结合，强调投资纪律、估值与情绪观察，并反思注册制下A股全面牛市难现的新生态环境。,估值;情绪;左侧交易;右侧交易;注册制,投资理念,2026-06-24T08:04:40.568173+00:00
42f1de42,本月微博整体围绕市场低迷期坚持策略、均衡配置、高抛低吸的投资理念，强调理性与纪律，并回顾了红利、债券、纳指等品种的估值与操作。,策略;估值;配置;红利;债券,投资理念,2026-06-24T08:04:49.224152+00:00
cc83cefb,2022年1月: S计划买入一份全指医药(159938/001180)，当前估值和技术面非最佳买点，需做好继续下跌30%准备,全指医药;买入;S计划;估值;波段操作,交易操作,2026-06-24T08:04:53.923923+00:00
d4915437,2023年10月: 150计划与S计划各买入一份沪深300C(005658)，用于波段操作，当前收益率未提及,沪深300;买入;150计划;S计划;波段操作,交易操作,2026-06-24T08:04:59.373196+00:00
a0dd845c,2023年12月: 150计划与S计划各卖出一份黄金(000216)，收益率约52%-70%，止盈操作,黄金;卖出;150计划;S计划;止盈,交易操作,2026-06-24T08:05:13.859865+00:00
c9119e3a,2023年12月: 长赢指数投资计划（三）150/S计划各买入一份环保基金(001064)，当前价格较历史高位已下跌47.7%，但存在继续下跌30%的可能性,环保;买入;150计划;S计划;低位,交易操作,2026-06-24T08:05:19.507862+00:00
056a257b,2023年12月: S计划买入一份文体娱乐(004424)，补仓操作，当前浮亏超过20%，补仓后浮亏预计回到十几个点,文体娱乐;买入;S计划;补仓;浮亏,交易操作,2026-06-24T08:05:23.860315+00:00
b05ec9b5,2023年12月: 150计划与S计划各买入一份全球医疗保健(000369)，无收益率数据，首次买入,全球医疗保健;买入;150计划;S计划;QDII,交易操作,2026-06-24T08:05:29.066558+00:00
a7c6ebe4,2023年5月: 150计划卖出两份中证传媒，S计划卖出一份中证传媒，收益率未提及,中证传媒;卖出;150计划;S计划;止盈,交易操作,2026-06-24T08:05:33.288450+00:00
658b103e,2023年5月: 150计划和S计划各买入一份富国消费C(011309)，收益率0%，波段补仓,富国消费C;买入;150计划;S计划;波段补仓,交易操作,2026-06-24T08:05:48.722601+00:00
aabc0783,2023年6月: 150计划与S计划各买入一份华宝医疗C，当前处于医疗品种的底部区域加仓阶段，长线仓位计划持有10-20年,华宝医疗C;买入;150计划;S计划;医疗,交易操作,2026-06-24T08:05:53.838749+00:00
0512be74,2023年6月: 150计划卖出一份易方达信息产业(001513)，收益率27%-28%；S计划卖出一份信息技术(000942)，收益率未明确，计划止盈,易方达信息产业;信息技术;卖出;150计划;S计划,交易操作,2026-06-24T08:05:58.627166+00:00
a733684b,2023年6月: 150计划与S计划各买入一份大摩健康产业(002708)，无收益率数据，为加仓操作,大摩健康产业;买入;150计划;S计划;加仓,交易操作,2026-06-24T08:06:03.099049+00:00
41498c3e,2023年6月: 150计划与S计划各买入一份全指医药(001180)，最后一次买入，因基金规模问题，存在下跌30%可能性,全指医药;买入;150计划;S计划;最后一次买入,交易操作,2026-06-24T08:06:07.546443+00:00
d37fbb2e,2023年7月: 150计划与S计划各买入一份华宝医疗A(162412)，基于中证医疗指数已下跌57.98%的深度调整，继续加仓并控制浮亏幅度。,华宝医疗A;买入;150计划;S计划;中证医疗,交易操作,2026-06-24T08:06:22.686669+00:00
59041c22,2023年8月: 150计划与S计划各买入一份融通健康产业(000727)，此前曾以30%+收益率清仓，本次为重新买入,融通健康产业;买入;150计划;S计划;医药,交易操作,2026-06-24T08:06:27.211988+00:00
a43d8af7,2023年8月: 150计划与S计划各卖出一份纳斯达克100(270042)，收益率37%，止盈操作,纳斯达克100;卖出;150计划;S计划;止盈,交易操作,2026-06-24T08:06:31.845953+00:00
ce818825,2023年8月: 150计划卖出一份证券公司(502010)，S计划卖出一份证券保险(001552)，基于低买高卖、动态平衡策略,证券公司;证券保险;卖出;150计划;S计划,交易操作,2026-06-24T08:06:35.889496+00:00
a84d17d5,2023年8月: 150计划和S计划各卖出一份美国标普500(050025)，收益率约15%-20%，按规则止盈,美国标普500;卖出;150计划;S计划;止盈,交易操作,2026-06-24T08:06:40.382035+00:00
c5a49cf6,2023年8月: 150计划与S计划各买入一份华宝医疗A(162412)，属于医疗品种的建仓完成操作,华宝医疗A;买入;150计划;S计划;医疗,交易操作,2026-06-24T08:06:54.856912+00:00
a127e1de,2023年8月: 150计划与S计划各买入一份华宝医疗C，当前未提及收益率，但提示存在自目前价格下跌幅度达25%的可能性,华宝医疗C;买入;150计划;S计划;医疗,交易操作,2026-06-24T08:06:59.723315+00:00
4874f663,2024年10月: 长赢指数投资计划卖出中证500、恒生指数、中证红利、恒生科技，左侧止盈操作,中证500;恒生指数;中证红利;恒生科技;卖出,交易操作,2026-06-24T08:07:04.729004+00:00
a0ab3afa,2024年10月: 150计划与S计划各买入一份富国全球债基金，用于增加现金配置并投资美债品种,富国全球债;买入;150计划;S计划;美债,交易操作,2026-06-24T08:07:09.484302+00:00
a5baaf8a,2024年10月: 150计划卖出一份全指信息(000942)，无收益率数据，计划减仓,全指信息;卖出;150计划;减仓;故事,交易操作,2026-06-24T08:07:13.420496+00:00
b5db6ca7,2024年10月: 150计划和S计划各买入一份富国全球债，用于全球资产平衡配置,富国全球债;买入;150计划;S计划;全球资产配置,交易操作,2026-06-24T08:07:27.974781+00:00
b8f287e5,2024年11月: 150计划与S计划各卖出一份金融地产基金(001469)，收益率未提及，计划减持,金融地产;卖出;150计划;S计划;止盈,交易操作,2026-06-24T08:07:32.542724+00:00
43e4acd1,2024年11月: 150计划与S计划各卖出一份信息技术基金(000942)，未提供收益率，进行止盈操作,信息技术;卖出;150计划;S计划;止盈,交易操作,2026-06-24T08:07:37.380470+00:00
2d6ef8d7,2024年11月: 150计划与S计划各卖出一份券商类基金，进行再平衡操作,证券公司;证券保险;卖出;150计划;S计划,交易操作,2026-06-24T08:07:41.766851+00:00
314acd54,2024年12月: 150计划卖出恒生科技和金融地产各1份，S计划卖出恒生科技1份，未披露收益率，旨在降低A股仓位至50%以内并进行动态再平衡,恒生科技;金融地产;卖出;150计划;S计划,交易操作,2026-06-24T08:07:46.508581+00:00
b8240e13,2024年1月: 150计划和S计划各买入一份创业板基金(003765)，当前处于共振区域附近，存在下跌30%的可能性,创业板;买入;150计划;S计划;共振区,交易操作,2026-06-24T08:08:01.374021+00:00
05f07119,2024年1月: 150/S计划各买入一份消费C(011309)，存在自目前价格下跌幅度达40%的可能性,消费C;买入;150计划;S计划;波段操作,交易操作,2026-06-24T08:08:06.553144+00:00
e0fc6a6f,2024年1月: 150计划与S计划各买入一份中证500C(002903)，波段操作，认为存在35%下跌可能性,中证500;买入;150计划;S计划;波段,交易操作,2026-06-24T08:08:11.179851+00:00
7debce08,2024年2月: 150计划与S计划各卖出一份中证500C(002903)，收益率十几个点，波段止盈,中证500;卖出;150计划;S计划;波段,交易操作,2026-06-24T08:08:15.864489+00:00
f84b0536,2024年3月: 150计划与S计划各卖出一份中证红利(100032)，收益率50%+，部分止盈,中证红利;卖出;150计划;S计划;止盈,交易操作,2026-06-24T08:08:20.558845+00:00
97437426,2024年4月: 150计划与S计划各买入一份中证医疗C(012323)，基于市净率处于历史低位及技术面支撑，但提示存在继续下跌20%的可能性,中证医疗;买入;150计划;S计划;市净率低位,交易操作,2026-06-24T08:08:35.713343+00:00
ca909db2,2024年4月: 150/S计划各卖出一份纳斯达克100(270042)，收益率63%，止盈操作,纳斯达克100;卖出;150计划;S计划;止盈,交易操作,2026-06-24T08:08:40.535215+00:00
1f7e1041,2024年5月: 150计划与S计划各卖出一份消费C(011309)，波段收益率约18%-19%，落袋为安,消费C;卖出;150计划;S计划;波段止盈,交易操作,2026-06-24T08:08:44.871129+00:00
2302ad97,2024年5月: 150计划与S计划各卖出一份恒生指数(000071)，动态再平衡操作,恒生指数;卖出;150计划;S计划;动态再平衡,交易操作,2026-06-24T08:08:49.224755+00:00
836d2ca0,2024年6月: 150计划与S计划各买入一份消费C(011309)，基于消费持仓比例低且估值不高的判断，进行波段操作,消费C;买入;150计划;S计划;波段操作,交易操作,2026-06-24T08:08:54.155981+00:00
8d1506f6,2024年7月: 150计划与S计划各买入一份消费A(519915)，基于前期卖出后下跌超20%的逆向买入操作,消费A;买入;150计划;S计划;逆向投资,交易操作,2026-06-24T08:09:08.774055+00:00
9c35f166,2024年8月: 150计划与S计划各买入一份恒生医疗(014424)，基于时间空间买入原则及极值区间判断,恒生医疗;买入;150计划;S计划;极值区间,交易操作,2026-06-24T08:09:13.605143+00:00
d3a46412,2024年8月: 150计划与S计划各买入一份消费C(011309)，当前浮亏约7%-8%，全指消费指数自高点下跌57.53%，计划在继续下跌时加仓至5%-7%仓位,消费C;买入;150计划;S计划;加速下跌,交易操作,2026-06-24T08:09:19.242247+00:00
b1a9a89a,2024年9月: 150计划与S计划各买入一份汇添富美元债(004419)，收益率0%，用于组合加仓美元品种并看好美国降息后国债走势,汇添富美元债;买入;150计划;S计划;美元债,交易操作,2026-06-24T08:09:24.526707+00:00
c628fe51,2024年9月: 150计划与S计划各卖出一份恒生指数(000071)，用于动态平衡减仓及应对压力位，未披露收益率,恒生指数;卖出;150计划;S计划;动态平衡,交易操作,2026-06-24T08:09:28.986735+00:00
ba627842,2024年9月: 150计划与S计划各买入一份消费A(519915)，左侧买入，接近倒数第2-3次买入机会,消费A;买入;150计划;S计划;左侧交易,交易操作,2026-06-24T08:09:43.687989+00:00
48849997,2024年9月: 150计划卖出两份（金融地产、300C），S计划卖出一份300C，动态平衡操作,金融地产;300C;卖出;150计划;S计划,交易操作,2026-06-24T08:09:48.135980+00:00
981e9fb7,2025年10月: 150计划卖出一份广发创业板(003765)，收益率70多个点，正常调仓,广发创业板;卖出;150计划;止盈,交易操作,2026-06-24T08:09:51.905171+00:00
4e455b2f,2025年11月: 150计划卖出一份恒生指数(000071)，基于正常调仓策略，偏右侧减仓，但今日跌幅过大，未必成功。,恒生指数;卖出;150计划;调仓;右侧减仓,交易操作,2026-06-24T08:09:56.054337+00:00
bbeaff47,2025年11月: 长赢指数投资计划（二）150计划卖出一份富国中证500(161017)，S计划卖出一份建信中证500(000478)，按策略正常调仓,中证500;卖出;150计划;S计划;调仓,交易操作,2026-06-24T08:10:00.335604+00:00
d4975dea,2025年12月: S计划买入一份易方达沪深300(110020)，用于换仓和波段网格部署,易方达沪深300;买入;S计划;换仓;波段网格,交易操作,2026-06-24T08:10:14.499634+00:00
f6bd6974,2025年12月: 150计划和S计划各买入一份博时红利低波100(021550)，为五年首次买入，用于长线配置和波段起始,博时红利低波100;买入;150计划;S计划;红利低波,交易操作,2026-06-24T08:10:19.522095+00:00
bdb86b81,2025年2月: 150计划卖出一份恒生指数(000071)，S计划卖出一份恒生科技(012348)，因港股配置超预期进行再平衡减仓,恒生指数;恒生科技;卖出;150计划;S计划,交易操作,2026-06-24T08:10:24.077171+00:00
3cd90f9d,2025年5月: S计划买入一份中证医疗A(162412)，基于仓位平衡和时间空间原则，当前浮亏约-21.17%,中证医疗;买入;S计划;仓位平衡;浮亏,交易操作,2026-06-24T08:10:29.136196+00:00
9d37937a,2025年5月: S计划卖出一份恒生指数(000071)，收益率未披露，计划卖出,恒生指数;卖出;S计划;波段操作,交易操作,2026-06-24T08:10:33.015645+00:00
e33ef3ba,2025年7月: 150计划买入一份中银美元债、卖出一份全指金融，S计划买入一份汇添富美元债，涉及美元债和金融品种操作,中银美元债;全指金融;汇添富美元债;买入;卖出,交易操作,2026-06-24T08:10:48.364361+00:00
023cbb70,2025年7月: 150计划和S计划各买入一份广发全球医疗(000369)，收益率未提及，继续加仓,广发全球医疗;买入;150计划;S计划;长期持有,交易操作,2026-06-24T08:10:53.589091+00:00
fa68506d,2025年7月: 150计划和S计划各卖出一份恒生医疗(014424)，收益率预计60%以上，止盈操作,恒生医疗;卖出;150计划;S计划;止盈,交易操作,2026-06-24T08:10:58.204921+00:00
0e093e18,2025年7月: S计划卖出一份广发创业板(003765)，收益率未披露，计划止盈,广发创业板;卖出;S计划;止盈,交易操作,2026-06-24T08:11:02.256757+00:00
e4337988,2025年8月: 150计划卖出一份中证传媒(004752)，S计划卖出一份全指信息(000942)，均为机械执行卖出机制，S计划信息品种为相对高位买入但最终盈利,中证传媒;全指信息;卖出;150计划;S计划,交易操作,2026-06-24T08:11:06.841216+00:00
5210f450,2025年9月: 150计划和S计划各卖出一份上证50(001051)，本次卖出源于策略触发交易条件，非涨跌判断，且未来A股仓位将收缩阵线，上证50除非极度低估否则不再买入,上证50;卖出;150计划;S计划;策略触发,交易操作,2026-06-24T08:11:21.330763+00:00
c2e14f6f,2025年9月: 150计划和S计划各卖出一份恒生指数(000071)，常规调仓,恒生指数;卖出;150计划;S计划;调仓,交易操作,2026-06-24T08:11:25.502834+00:00
0d2b72fe,2025年9月: 150计划和S计划各买入一份1-3年国开债(006484)，以应对现金过多和债券仓位不足，但预期收益率低,1-3年国开债;买入;150计划;S计划;现金管理,交易操作,2026-06-24T08:11:30.601886+00:00
31936d24,2025年9月: S计划卖出一份创业板指数(003765)，买入一份消费行业(110022)，削峰填谷,创业板指数;消费行业;卖出;买入;S计划,交易操作,2026-06-24T08:11:35.110143+00:00
cb7cb832,2026年1月: 150计划和S计划各卖出一份华宝医疗C，波段收益率19%，属于波段止盈操作,华宝医疗C;卖出;150计划;S计划;波段操作,交易操作,2026-06-24T08:11:39.302811+00:00
0a3f29f6,2026年1月: 150计划和S计划各卖出一份富国中证500(161017)，收益率分别为110%和123%，执行止盈操作,富国中证500;卖出;150计划;S计划;止盈,交易操作,2026-06-24T08:11:54.307047+00:00
c588edb2,2026年1月: 150计划和S计划各卖出一份中证传媒(004752)，右侧卖出，清仓止盈，收益率40%-90%,中证传媒;卖出;150计划;S计划;清仓,交易操作,2026-06-24T08:11:58.611918+00:00
73110f49,2026年1月: 150计划与S计划卖出中证500、买入消费，中证500收益率50%-60%以上，部分清仓,中证500;消费;卖出;买入;长赢指数投资计划,交易操作,2026-06-24T08:12:04.385229+00:00
6365253b,2026年1月: 150计划卖出一份建信500(000478)，收益率未披露，计划缓慢减持,建信500;卖出;150计划;减持;压力位,交易操作,2026-06-24T08:12:08.443659+00:00
133aafdd,作者认为A股投资者不会真正成熟，未来仍会有巨幅波动，因此长赢计划的高收益模式依然有效；即使波动减小，长期慢牛反而更有利于理性投资者获利。,A股成熟度;长赢计划;波动性;投资者行为;长期收益,投资理念,2026-06-24T08:13:31.502282+00:00
c3fccbb4,文章是ETF拯救世界在2015年4月至9月期间发布的干货合集，核心观点是通过指数投资、低估值买入和纪律性操作，在A股市场实现长期稳定收益。,指数投资;低估值;ETF;纪律;A股,投资理念,2026-06-24T08:13:35.941493+00:00
2b3cd253,E大通过关注股票、债券、商品、外汇四大类资产，利用利率、货币政策、估值等关键因素进行资产配置和仓位调节，避免孤注一掷，实现长期稳健收益。,资产配置;利率;估值;大类资产;长期投资,投资理念,2026-06-24T08:13:39.758927+00:00
cce436af,投资体系需包含交易策略和观察体系，通过反思与时间打磨不断进化，承认不完美并改进，才能建立适合自身的完整体系。,投资体系;交易策略;观察体系;进化;反思,投资理念,2026-06-24T08:13:43.182877+00:00
94f7c22c,E大根据十余年经验，将投资品种分为可估值（股票、债券）与不可估值（原油、黄金等）两类，强调根据各品种特性（如A股暴涨暴跌、债券看收益率和周期）采用不同策略（估值、趋势、周期位置）进行配置，以实现长期稳健增长。,资产配置;品种特性;估值;趋势;周期,投资理念,2026-06-24T08:13:49.988754+00:00
1af713f6,本文介绍了黄金、原油、房地产等大类品种的特性与投资原则，强调黄金走大周期大波段、仓位不宜超5%，原油在20-100美元间高抛低吸、仓位上限5%，房地产可通过REITS或指数基金配置、上限15%。,黄金;原油;房地产;大类品种;资产配置,品种分析,2026-06-24T08:14:04.277658+00:00
003a4fc6,[JSON解析失败],,其他,2026-06-24T08:14:08.130431+00:00
bd4b04d8,2022年长赢计划年度亏损约9%，优于沪深300（-21.63%）和中证500（-20.31%），但未达预期（熊市亏损应不超过大盘1/3）；2023年机会大于风险。,长赢计划;年度回顾;熊市亏损;机会大于风险,年度回顾,2026-06-24T08:14:12.211784+00:00
853d9cc7,建议将年终奖中10年不用的钱存入长期不动账户，配置未来大概率盈利的品种，以长期视角投资，避免短期干扰，同时劝诫新投资者不要盲目跟投，需降低收益预期。,长期投资;年终奖配置;心理账户;降低预期;投资理念,投资理念,2026-06-24T08:14:16.070871+00:00
e9904e5f,2020年11月: 150计划卖出一份博时信用债纯债债券(050027)，收益率20%多，部分止盈,博时信用债纯债债券;卖出;150计划;止盈;债市波动,交易操作,2026-06-24T08:14:20.126704+00:00
ca68114a,因E大2026年起不再公开发布买入计划，本站同步停止更新“第三轮发车记录”，建议读者珍惜未来跟投机会。,第三轮发车记录;E大;买入计划;跟投;网站公告,其他,2026-06-24T08:14:33.706359+00:00
17bc54f1,[JSON解析失败],,其他,2026-06-24T08:14:37.364465+00:00
2c28e45e,本文建议投资者建立基于资产配置和再平衡的自主投资体系，避免简单复制历史计划或依赖估值百分位择时，强调根据风险承受能力确定大类资产比例，并通过时间与空间再平衡优化收益、控制回撤。,资产配置;再平衡;估值百分位;择时;风险承受能力,投资理念,2026-06-24T08:14:41.892136+00:00
a3fe7bcf,2025年11月: 长赢指数投资计划发布时效调整说明，无具体交易操作,长赢指数投资计划;发布时效;调整;说明,交易操作,2026-06-24T08:14:45.370948+00:00
f1362520,本文反驳了用上证指数衡量投资表现的观点，指出长期看多数指数能跑赢上证，并强调投资目标应是牛市跟上指数、熊市不赔钱，而非追求大幅超越大盘，同时需避免短视和忽视周期与弹性。,指数投资;上证指数;投资目标;周期与弹性;跑赢大盘,投资理念,2026-06-24T08:14:50.773798+00:00
fbc0430c,[JSON解析失败],,其他,2026-06-24T08:15:04.565095+00:00
54613e6b,E大推荐长期投资四只指数：标普500、A股医药、中证500和红利，强调均衡配置（25%美国+75%A股），并指出估值中枢可能下降，需综合多因素制定策略。,指数投资;长期投资;均衡配置;标普500;医药,投资理念,2026-06-24T08:15:09.044897+00:00
52038ab4,本文通过历史数据论证，投资目标应是牛市跟上指数、熊市不赔钱，而非大幅跑赢大盘；通过多品种配置和周期弹性管理，长期可实现可观收益。,长赢;跑赢大盘;指数投资;熊市不赔钱;弹性,投资理念,2026-06-24T08:15:15.107960+00:00
df47372a,[JSON解析失败],,其他,2026-06-24T08:15:19.243519+00:00
64777395,针对年终奖追加投资，建议在持仓亏损时调高每份跟车金额，盈利时则分批跟投S计划，避免高位加仓拉高成本导致亏损。,长赢计划;加仓策略;成本控制;跟车操作;ETF投资,交易操作,2026-06-24T08:15:22.744318+00:00
62953d12,针对长赢150份计划发车减少、仓位不足的问题，建议参考大类资产配置图调整、利用S计划买入时机补仓，并根据自身风险承受能力控制仓位，以平衡配置并降低成本。,长赢150份;仓位不足;补仓策略;大类配置;买入时机,交易操作,2026-06-24T08:15:36.878168+00:00
27076d7f,长赢计划第三轮三周年业绩回顾，通过低买高卖、大类资产配置和增强基金，在熊市中实现正收益，累计收益率9.74%，超额沪深300和中证500，强调熊市收集筹码、牛市赚钱的理念。,长赢计划;价值投资;大类资产配置;低买高卖;指数基金,年度回顾,2026-06-24T08:15:41.662550+00:00
03beeb45,文章阐述了2022年3月18日长赢计划的发车逻辑：消费指数刚回到正常区间，开始买入问题不大；恒科因仓位不高且下影线好而买入；环保估值高，卖出换入消费，并计划今年建立医药和消费的基本仓位。,发车逻辑;消费;恒科;环保;仓位管理,交易操作,2026-06-24T08:15:46.874791+00:00
b7e4dfd7,2019年上半年: 长赢指数投资计划（150份/S计划）在A股上涨中逢高减仓，卖出一份中证500波段仓位，收益率未明确提及，整体组合净值创新高且全部大类盈利,长赢指数投资;中证500;卖出;波段操作;全球配置,交易操作,2026-06-24T08:15:52.438059+00:00
7f59ef24,2021年2月: 长赢指数投资计划（150和S计划）无具体买卖操作，主要阐述2021年操作思路，包括对高估值板块调整的预期和中小股票机会的判断，以及未来可能进行的调仓和S计划更激进的策略,长赢指数投资计划;2021年展望;调仓;高估值调整;中小股票,交易操作,2026-06-24T08:15:58.027207+00:00
416ba71c,2018年全球市场普跌，ETF计划亏损12%，但作者坦然接受，认为在A股估值低位逆势加仓是正确策略，2019年大概率阳光灿烂。,长赢计划;年度回顾;逆势加仓;A股;概率思维,年度回顾,2026-06-24T08:16:12.891639+00:00
5131549c,2019年长赢计划净值增长约25%，跑输沪深300但跑赢中小盘，强调下跌时少亏、上涨时跟上的长期投资理念，认为无差品种只有不同花期，2020年预计大幅波动，建议用策略而非预测赚钱。,长赢计划;年度回顾;指数投资;波动策略;品种轮动,年度回顾,2026-06-24T08:16:18.596581+00:00
b12f0307,本文解释了长赢计划发车时标注的“预计最大跌幅”基于历史最低估值（纵向）、国际同类指数最低估值（横向）、价格极限跌幅（约80%）及风险承受余量四方面，旨在帮助投资者建立心理预期，坚持价值投资。,预计最大跌幅;价值投资;心理预期;估值;风险承受,投资理念,2026-06-24T08:16:22.446588+00:00
15980753,针对未跟全仓位的投资者，建议对已盈利品种（如50、恒生）可参考S计划或成本价10%内补仓，但仓位轻的品种不必急于追高，未来多数品种盈利后新跟车者才真正面临困境。,补仓;长赢计划;成本控制;大盘指数;资产配置,交易操作,2026-06-24T08:16:27.570092+00:00
df5ae9dc,S计划卖出一份创业板（场外003765），基于右侧交易策略，平均收益率约64%。,创业板;卖出;S计划;右侧交易;止盈,交易操作,2026-06-24T08:12:12.576677+00:00
e86997f5,150计划和S计划同时卖出一份恒生指数（000071），属于正常右侧调仓操作。,恒生指数;卖出;150计划;S计划;右侧调仓,交易操作,2026-06-24T08:12:26.602855+00:00
65ef2d96,150计划和S计划同时卖出一份中证环保（001064），清仓止盈，收益率未明确提及但暗示盈利可观,中证环保;卖出;150计划;S计划;清仓,交易操作,2026-06-24T08:12:30.986851+00:00
9052664a,150计划卖出一份建信500（000478），平均收益率约54%，正常调仓操作,建信500;卖出;150计划;调仓;止盈,交易操作,2026-06-24T08:12:34.815839+00:00
bf10a000,150计划和S计划同时卖出一份建信500（000478），正常调仓回收利润，未披露收益率,建信500;卖出;150计划;S计划;调仓,交易操作,2026-06-24T08:12:38.838639+00:00
9bf151ea,2026年4月10日: 150计划卖出一份中证500（001052），正常调仓，未披露收益率,中证500;卖出;150计划;调仓,交易操作,2026-06-24T08:12:42.587070+00:00
f30c9d2e,150计划卖出一份上证50（001051），收益率未明确提及，计划逐步清仓,上证50;卖出;150计划;减持;清仓,交易操作,2026-06-24T08:12:57.374172+00:00
3cc08a53,150计划和S计划同时卖出中证500品种，平均收益率约80%，进行止盈操作,中证500;卖出;150计划;S计划;止盈,交易操作,2026-06-24T08:13:02.697680+00:00
cb528e44,150计划卖出一份建信中证500（000478），收益率约76%，计划年内清仓,建信中证500;卖出;150计划;止盈;清仓,交易操作,2026-06-24T08:13:06.640178+00:00
3a45d3ad,150计划卖出一份华夏中证500（001052），平均收益率约83%，完成止盈操作,华夏中证500;卖出;150计划;止盈;低估值买入,交易操作,2026-06-24T08:13:11.434742+00:00
359a2406,150计划和S计划各卖出一份富国中证红利（100032），平均收益率82%，属于止盈操作并换仓至成本更低的同类指数,富国中证红利;卖出;150计划;S计划;止盈,交易操作,2026-06-24T08:13:17.031564+00:00
