date,open,high,low,close,volume,amount
2026-01-05,4661.62,4721.64,4661.62,4717.75,23414483900,0.0
2026-01-06,4719.21,4790.69,4718.01,4790.69,29697068600,0.0
2026-01-07,4796.93,4802.6,4751.07,4776.67,25909556400,0.0
2026-01-08,4761.01,4765.49,4717.01,4737.65,23880495700,0.0
2026-01-09,4725.96,4771.43,4719.13,4758.92,25468803800,0.0
2026-01-12,4769.65,4795.93,4737.57,4789.92,29483316500,0.0
2026-01-13,4798.05,4836.96,4745.52,4761.03,30144949700,0.0
2026-01-14,4767.7,4818.1,4720.25,4741.93,36495102300,0.0
2026-01-15,4721.8,4769.55,4720.94,4751.43,25400363600,0.0
2026-01-16,4778.43,4792.55,4715.37,4731.87,32527892900,0.0
2026-01-19,4720.2,4761.63,4715.09,4734.46,26761249200,0.0
2026-01-20,4736.91,4748.23,4684.97,4718.88,28271957900,0.0
2026-01-21,4714.55,4758.28,4714.24,4723.07,26635333200,0.0
2026-01-22,4741.76,4757.76,4700.45,4723.71,27419993200,0.0
2026-01-23,4729.59,4734.79,4684.62,4702.5,31463544500,0.0
2026-01-26,4715.38,4754.18,4693.16,4706.96,36300448100,0.0
2026-01-27,4705.17,4736.99,4675.64,4705.69,30147569700,0.0
2026-01-28,4725.6,4739.63,4697.91,4717.99,38225560200,0.0
2026-01-29,4733.09,4770.96,4696.05,4753.87,41551305500,0.0
2026-01-30,4723.08,4738.87,4645.47,4706.34,31978653100,0.0
2026-02-02,4674.28,4716.61,4601.76,4605.98,30477350000,0.0
2026-02-03,4648.36,4662.13,4578.21,4660.11,26554940500,0.0
2026-02-04,4647.97,4701.48,4641.84,4698.68,26488103200,0.0
2026-02-05,4664.75,4687.02,4639.43,4670.42,23785635100,0.0
2026-02-06,4622.98,4678.26,4606.64,4643.6,20271647700,0.0
2026-02-09,4693.67,4719.96,4679.9,4719.06,20725193800,0.0
2026-02-10,4718.26,4732.09,4713.87,4724.3,18700095800,0.0
2026-02-11,4715.67,4723.7,4703.69,4713.82,17339168100,0.0
2026-02-12,4720.01,4726.04,4707.74,4719.58,19784143900,0.0
2026-02-13,4693.41,4703.63,4658.4,4660.41,18916775600,0.0
2026-02-24,4727.3,4727.37,4698.35,4707.54,21848889000,0.0
2026-02-25,4713.58,4766.56,4713.34,4735.89,28426835400,0.0
2026-02-26,4741.39,4742.15,4706.69,4726.87,23484764400,0.0
2026-02-27,4698.3,4721.01,4692.89,4710.65,26142086500,0.0
2026-03-02,4681.01,4735.41,4667.28,4728.67,34926075200,0.0
2026-03-03,4737.32,4744.6,4651.41,4655.9,37062427200,0.0
2026-03-04,4609.19,4639.42,4575.83,4602.63,30303566600,0.0
2026-03-05,4651.94,4671.53,4630.3,4647.69,25931782500,0.0
2026-03-06,4621.49,4671.71,4612.79,4660.44,23852792600,0.0
2026-03-09,4600.25,4625.98,4548.97,4615.46,32278761700,0.0
2026-03-10,4648.79,4677.6,4648.79,4674.76,26390374800,0.0
2026-03-11,4681.03,4711.87,4674.71,4704.5,27017544300,0.0
2026-03-12,4700.72,4704.38,4654.32,4687.56,30298681600,0.0
2026-03-13,4669.06,4707.42,4659.5,4669.14,31077200900,0.0
2026-03-16,4669.22,4673.69,4621.81,4671.56,29621507000,0.0
2026-03-17,4685.57,4720.86,4637.37,4637.44,26302191300,0.0
2026-03-18,4648.75,4662.29,4604.52,4658.33,23469070500,0.0
2026-03-19,4611.44,4634.55,4570.39,4583.25,25413044900,0.0
2026-03-20,4602.82,4628.71,4563.07,4567.02,25787370300,0.0
2026-03-23,4499.1,4514.72,4397.57,4418.0,32808194500,0.0
2026-03-24,4458.91,4474.83,4394.29,4474.72,25553251700,0.0
2026-03-25,4506.63,4542.18,4502.03,4537.47,26263927900,0.0
2026-03-26,4525.33,4541.05,4468.96,4477.53,21373678800,0.0
2026-03-27,4431.5,4519.89,4431.42,4502.57,19240038800,0.0
2026-03-30,4461.74,4496.41,4447.14,4491.95,20929309200,0.0
2026-03-31,4491.92,4523.18,4450.05,4450.05,22454158500,0.0
2026-04-01,4517.27,4532.11,4492.05,4526.07,21648319600,0.0
2026-04-02,4514.44,4519.69,4459.61,4478.91,19099216100,0.0
2026-04-03,4492.85,4494.46,4437.6,4440.79,16832170500,0.0
2026-04-07,4445.86,4458.93,4420.69,4440.62,16263878700,0.0
2026-04-08,4517.34,4595.56,4513.77,4595.56,25333921300,0.0
2026-04-09,4562.67,4579.2,4552.42,4566.22,18493978300,0.0
2026-04-10,4594.95,4655.1,4590.11,4636.57,20867860500,0.0
2026-04-13,4615.13,4653.4,4615.13,4646.16,19671227700,0.0
2026-04-14,4676.12,4701.28,4654.85,4701.28,20470033200,0.0
2026-04-15,4726.64,4731.27,4672.56,4685.25,20168850000,0.0
2026-04-16,4694.43,4739.22,4689.41,4736.61,19205760000,0.0
2026-04-17,4729.0,4738.32,4714.47,4728.67,18291533600,0.0
2026-04-20,4727.17,4763.04,4720.69,4757.44,22163349400,0.0
2026-04-21,4750.52,4776.83,4722.01,4768.0,20561405800,0.0
2026-04-22,4751.28,4801.45,4750.35,4799.63,20448183000,0.0
2026-04-23,4816.03,4823.47,4759.86,4786.33,23286573600,0.0
2026-04-24,4771.74,4786.44,4735.61,4769.37,19379831400,0.0
2026-04-27,4776.34,4795.17,4762.64,4770.95,19279655000,0.0
2026-04-28,4757.08,4778.19,4743.44,4758.21,21672423300,0.0
2026-04-29,4737.58,4813.61,4737.11,4810.35,23329811000,0.0
2026-04-30,4820.97,4829.27,4797.55,4807.31,25063337000,0.0
2026-05-06,4857.65,4892.8,4834.28,4877.09,27444388000,0.0
2026-05-07,4895.8,4901.86,4866.88,4900.51,25783397200,0.0
2026-05-08,4871.12,4887.21,4849.99,4871.91,25172099600,0.0
2026-05-11,4902.28,4960.4,4889.57,4951.84,30573480100,0.0
2026-05-12,4965.02,4971.3,4926.79,4948.05,27381200100,0.0
2026-05-13,4919.43,5001.12,4919.43,4998.34,26845453700,0.0
2026-05-14,5027.64,5030.52,4913.6,4914.6,28069537900,0.0
2026-05-15,4911.62,4935.62,4832.69,4859.59,27696776900,0.0
2026-05-18,4836.33,4868.6,4806.15,4833.52,23907758700,0.0
2026-05-19,4818.71,4854.53,4773.53,4852.88,23228085200,0.0
2026-05-20,4829.61,4866.21,4825.64,4850.7,22002320600,0.0
2026-05-21,4886.24,4937.93,4780.71,4783.1,28734250700,0.0
2026-05-22,4818.84,4851.35,4785.35,4845.1,28694043500,0.0
2026-05-25,4873.2,4922.44,4857.14,4921.6,26474323600,0.0
2026-05-26,4900.12,4952.74,4892.68,4947.85,30279947600,0.0
2026-05-27,4940.95,4974.21,4891.34,4908.17,30170917500,0.0
2026-05-28,4889.27,4922.33,4843.23,4914.21,26743273100,0.0
2026-05-29,4937.51,4954.07,4878.79,4892.12,33251861000,0.0
2026-06-01,4897.9,4918.79,4836.69,4844.26,29613405100,0.0
2026-06-02,4860.61,4930.28,4832.0,4914.56,28173166200,0.0
2026-06-03,4921.35,4991.85,4904.9,4938.81,30403594700,0.0
2026-06-04,4897.32,4938.78,4889.75,4904.75,26480891000,0.0
2026-06-05,4886.97,4924.34,4798.91,4816.92,30192933600,0.0
2026-06-08,4703.77,4779.86,4677.57,4713.64,29964756500,0.0
2026-06-09,4743.45,4802.51,4715.39,4801.81,25839160100,0.0
2026-06-10,4753.12,4786.52,4719.0,4748.59,25929710900,0.0
2026-06-11,4730.07,4766.17,4685.5,4722.41,24717705900,0.0
2026-06-12,4784.64,4809.86,4757.56,4777.32,33592206300,0.0
2026-06-15,4829.29,4892.55,4803.18,4891.71,33131607600,0.0
2026-06-16,4894.88,4908.28,4866.06,4884.23,28258474300,0.0
2026-06-17,4859.7,4933.93,4859.7,4931.39,27605395000,0.0
2026-06-18,4916.04,4976.89,4916.04,4941.6,33445990200,0.0
2026-06-22,4949.35,5061.51,4928.46,5059.66,37510012400,0.0
