code,date,open,high,low,close,volume,amount
000739,2026-06-01,16.55,16.95,16.49,16.8,8835000,148264884.74
000739,2026-06-02,16.7,16.83,16.36,16.45,7596610,125175588.72
000739,2026-06-03,16.4,16.7,16.04,16.45,8601893,140619779.46
000739,2026-06-04,16.4,16.54,15.9,16.05,7528797,121297098.1
000739,2026-06-05,16.2,16.66,16.1,16.13,7785947,127337204.48
000739,2026-06-08,15.95,16.15,15.44,15.85,9685667,152379732.34
000739,2026-06-09,15.85,15.89,15.31,15.5,6924683,107380950.37
000739,2026-06-10,15.43,15.65,15.28,15.63,4586300,71017975.0
000739,2026-06-11,15.5,15.62,15.19,15.41,6842355,104919964.32
000739,2026-06-12,15.62,16.29,15.42,16.07,8972500,143354575.0
000739,2026-06-15,16.06,16.5,16.06,16.46,8060929,131313807.97
000739,2026-06-16,16.39,16.5,16.15,16.35,6002620,97749071.6
000739,2026-06-17,16.23,16.35,16.17,16.29,3591066,58324683.86
000739,2026-06-18,16.23,16.68,16.09,16.37,7227569,118743972.08
000739,2026-06-22,16.25,16.4,15.65,16.37,8988990,143134477.21
000739,2026-06-23,16.44,17.07,16.32,16.8,10433218,175562441.67
000739,2026-06-24,16.77,17.15,16.54,16.82,8745900,148150131.0
000739,2026-06-25,16.7,16.74,15.8,16.46,13303068,216143259.43
000739,2026-06-26,16.36,16.61,15.96,15.96,6610103,107459458.73
000739,2026-06-29,15.97,17.2,15.59,17.03,20661399,346981882.24
000739,2026-06-30,16.98,16.99,16.53,16.66,9132980,152446598.04
000739,2026-07-01,16.58,17.19,15.9,17.19,16789879,279781946.98
000739,2026-07-02,17.18,17.86,16.91,17.74,24365545,428979910.92
000739,2026-07-03,17.75,18.33,17.66,18.24,19819531,356958402.39
000739,2026-07-06,18.21,18.92,18.01,18.46,20211864,376423813.22
000739,2026-07-07,18.41,18.54,17.92,18.03,15786048,287403166.32
000739,2026-07-08,18.03,18.2,17.71,17.79,9314700,166730893.06
000739,2026-07-09,17.66,18.15,17.52,17.84,8390870,149658331.28
000739,2026-07-10,17.84,18.45,17.4,18.0,12494163,225331937.76
000739,2026-07-13,18.04,18.59,18.0,18.19,15521087,283975260.05
000739,2026-07-14,18.18,19.1,18.02,19.09,23246147,434476642.85
000739,2026-07-15,18.89,21.0,18.71,20.47,48942955,997585911.44
000739,2026-07-16,20.55,21.5,19.61,21.0,49543196,1027341896.81
000739,2026-07-17,21.0,21.2,19.47,19.65,35298383,707338058.05
000739,2026-07-20,19.64,20.35,19.2,20.02,28276661,561783783.61
000739,2026-07-21,19.84,20.16,19.31,20.13,25608159,507052433.29
000739,2026-07-22,19.9,20.94,19.8,20.84,27030569,556200029.0
000739,2026-07-23,20.43,20.8,20.01,20.59,20482518,418433611.77
000739,2026-07-24,20.37,20.57,19.68,19.68,15890396,317579206.21
000739,2026-07-27,19.59,20.46,19.5,20.4,19043317,381727922.89
000739,2026-07-28,20.34,20.9,19.5,19.55,17407098,348794202.64
000739,2026-07-29,19.8,20.8,19.6,20.66,22847239,466455099.96
000739,2026-07-30,20.67,20.78,19.81,20.02,16062291,323214354.04
000739,2026-07-31,19.56,20.35,19.56,20.22,12436839,250346590.61
000926,2026-06-01,2.48,2.74,2.43,2.48,184948007,468380509.13
000926,2026-06-02,2.5,2.51,2.38,2.39,105058530,253958031.98
000926,2026-06-03,2.41,2.43,2.29,2.32,88726434,206046121.04
000926,2026-06-04,2.27,2.38,2.22,2.27,78484878,179138798.39
000926,2026-06-05,2.25,2.33,2.2,2.28,64981744,147091600.05
000926,2026-06-08,2.22,2.31,2.16,2.21,58292740,130318534.2
000926,2026-06-09,2.22,2.22,2.1,2.16,54096033,115761148.5
000926,2026-06-10,2.13,2.16,2.1,2.16,35573044,75755525.17
000926,2026-06-11,2.15,2.22,2.1,2.18,46113851,99918587.13
000926,2026-06-12,2.2,2.22,2.13,2.17,35946520,77800007.88
000926,2026-06-15,2.16,2.21,2.13,2.15,41349543,89185053.53
000926,2026-06-16,2.14,2.15,2.08,2.08,49847465,104568954.85
000926,2026-06-17,2.07,2.09,2.0,2.01,42672600,86274473.6
000926,2026-06-18,2.0,2.02,1.95,1.99,30344445,60375049.65
000926,2026-06-22,1.98,2.04,1.95,2.03,33795184,67379576.88
000926,2026-06-23,2.02,2.09,2.01,2.06,39847335,82368459.45
000926,2026-06-24,2.06,2.06,1.97,1.98,32033947,63891572.39
000926,2026-06-25,1.97,2.0,1.94,1.99,28173520,55464152.8
000926,2026-06-26,1.98,1.99,1.93,1.93,23777360,46356480.6
000926,2026-06-29,1.93,1.94,1.85,1.92,27615272,52588947.52
000926,2026-06-30,1.92,1.93,1.88,1.91,19204681,36521621.09
000926,2026-07-01,1.91,2.1,1.89,2.06,59096477,120065677.74
000926,2026-07-02,2.06,2.11,2.03,2.04,29514960,61082840.2
000926,2026-07-03,2.07,2.07,2.0,2.01,27499200,55712834.0
000926,2026-07-06,2.0,2.02,1.96,1.98,22079900,43928979.0
000926,2026-07-07,1.98,1.99,1.95,1.95,24458987,48103928.59
000926,2026-07-08,1.95,1.97,1.91,1.95,22844020,44341360.32
000926,2026-07-09,1.93,1.98,1.91,1.93,22769950,44202644.13
000926,2026-07-10,1.93,2.01,1.9,1.99,38279042,75583443.1
000926,2026-07-13,1.97,1.99,1.91,1.92,31505200,60789283.0
000926,2026-07-14,1.92,1.96,1.9,1.95,27628140,53527112.0
000926,2026-07-15,1.91,2.0,1.89,1.95,31072320,60502619.4
000926,2026-07-16,1.95,1.98,1.91,1.97,24746865,48474679.63
000926,2026-07-17,1.97,2.08,1.95,2.0,46986226,94643935.78
000926,2026-07-20,2.0,2.04,1.96,1.99,30690300,61391139.21
000926,2026-07-21,1.99,1.99,1.89,1.94,33865220,65329480.86
000926,2026-07-22,1.92,1.97,1.91,1.95,17518508,34098822.0
000926,2026-07-23,1.95,1.99,1.93,1.98,18868220,37151948.6
000926,2026-07-24,1.97,2.0,1.95,1.96,15441180,30465256.0
000926,2026-07-27,1.96,2.12,1.94,2.07,44245451,91256534.06
000926,2026-07-28,2.07,2.15,2.06,2.07,37749020,79499212.8
000926,2026-07-29,2.08,2.13,2.07,2.11,24029560,50537272.52
000926,2026-07-30,2.09,2.15,2.07,2.07,26366980,55508727.6
000926,2026-07-31,2.08,2.11,2.06,2.1,20947400,43740725.8
001296,2026-06-01,19.82,21.14,19.68,20.78,3248263,67259301.02
001296,2026-06-02,20.75,21.04,20.15,20.35,1592900,32427720.0
001296,2026-06-03,20.36,20.36,19.82,19.94,1734095,34788735.08
001296,2026-06-04,19.93,20.03,19.52,19.67,1257592,24806590.08
001296,2026-06-05,19.61,20.0,19.3,19.77,1468356,28945537.72
001296,2026-06-08,19.3,19.63,18.68,19.0,1924993,36800046.07
001296,2026-06-09,19.11,19.29,18.72,18.89,1504950,28483659.8
001296,2026-06-10,18.73,18.91,18.31,18.72,2018228,37500220.0
001296,2026-06-11,18.7,18.85,18.31,18.59,1381828,25694034.88
001296,2026-06-12,18.83,19.03,18.55,18.88,1475400,27821143.0
001296,2026-06-15,18.93,19.43,18.93,19.13,1761800,33780522.0
001296,2026-06-16,19.12,19.31,18.78,19.13,1711900,32541195.2
001296,2026-06-17,19.01,19.16,18.69,18.69,1570050,29586317.8
001296,2026-06-18,18.65,20.56,18.22,20.56,9576388,191930706.47
001296,2026-06-22,20.83,22.62,20.3,22.62,13171940,285248311.26
001296,2026-06-23,22.3,23.5,21.4,21.63,11881279,265540573.31
001296,2026-06-24,21.37,22.38,20.66,20.94,8200628,173768418.96
001296,2026-06-25,21.11,21.86,20.15,21.21,8573044,179445581.94
001296,2026-06-26,20.7,20.71,19.42,19.61,6304053,125278159.6
001296,2026-06-29,19.4,20.49,18.69,19.2,4610525,88957779.19
001296,2026-06-30,19.15,19.4,18.64,19.17,4043935,76934763.53
001296,2026-07-01,19.17,19.84,18.79,19.74,4853397,94311672.02
001296,2026-07-02,19.42,20.22,19.18,19.6,4720300,93325635.02
001296,2026-07-03,19.61,20.99,19.56,20.7,7210262,146958079.62
001296,2026-07-06,20.28,20.36,19.19,19.22,5312542,104706369.92
001296,2026-07-07,19.14,20.56,19.01,19.97,4866773,96220307.94
001296,2026-07-08,19.68,19.68,18.2,18.2,4246070,79001010.38
001296,2026-07-09,18.1,18.16,16.66,17.28,5052729,87413122.57
001296,2026-07-10,17.29,18.68,17.06,17.91,4376792,78411444.24
001296,2026-07-13,17.89,18.24,17.39,17.39,2953110,52404601.5
001296,2026-07-14,17.47,19.13,17.3,18.49,6378385,118708909.5
001296,2026-07-15,18.31,18.6,17.86,18.14,4146810,75500666.0
001296,2026-07-16,17.83,18.2,17.8,17.91,1977500,35486337.8
001296,2026-07-17,17.98,18.06,17.15,17.18,2540240,44450918.8
001296,2026-07-20,17.24,17.44,15.86,16.07,3530180,58542301.8
001296,2026-07-21,16.06,16.11,15.09,16.07,2777503,43496764.08
001296,2026-07-22,15.86,16.15,15.64,15.78,1946200,30835687.0
001296,2026-07-23,15.7,16.33,15.63,16.25,2257411,36377444.87
001296,2026-07-24,15.94,16.17,15.65,15.81,1290621,20453954.82
001296,2026-07-27,16.0,17.02,15.83,16.77,3061111,50784981.07
001296,2026-07-28,16.5,16.9,16.5,16.65,1613289,26934437.97
001296,2026-07-29,16.68,17.22,16.58,16.98,2232699,37803296.91
001296,2026-07-30,17.09,17.27,16.62,16.78,1969412,33412837.92
001296,2026-07-31,16.98,17.26,16.9,17.19,1520433,26101276.78
001301,2026-06-01,86.94,94.2,86.94,91.98,7036700,643524527.0
001301,2026-06-02,92.0,96.6,90.47,95.67,8027540,762808499.0
001301,2026-06-03,95.31,98.3,93.31,97.42,5951313,576100507.26
001301,2026-06-04,95.75,96.75,90.41,91.15,4433763,409745354.26
001301,2026-06-05,91.01,91.6,87.73,88.39,4679236,417870654.35
001301,2026-06-08,85.0,88.66,82.1,88.66,6706900,575343841.5
001301,2026-06-09,88.12,91.0,85.51,90.0,4375190,386620473.9
001301,2026-06-10,89.32,94.47,87.0,87.7,4234249,381378367.05
001301,2026-06-11,86.7,88.27,83.0,83.18,4065270,342891880.9
001301,2026-06-12,83.5,90.52,82.2,89.45,6005418,524403823.43
001301,2026-06-15,89.34,93.65,89.16,92.11,5132476,473224264.76
001301,2026-06-16,93.77,96.2,91.0,94.13,4678723,440464147.52
001301,2026-06-17,93.15,94.5,90.38,92.8,3657311,337111515.89
001301,2026-06-18,92.89,94.82,87.51,88.7,5319098,479348501.0
001301,2026-06-22,89.35,93.4,86.71,93.38,5572531,505926094.37
001301,2026-06-23,92.82,95.0,91.85,93.29,5152750,482528794.5
001301,2026-06-24,92.0,94.78,88.0,93.45,4860400,447730425.0
001301,2026-06-25,92.79,93.55,89.51,90.04,2918277,265010346.6
001301,2026-06-26,89.0,89.68,85.07,85.67,3350437,290198754.24
001301,2026-06-29,85.0,94.24,82.02,94.24,6969248,624147151.97
001301,2026-06-30,94.98,95.56,91.55,93.51,5670700,531080925.0
001301,2026-07-01,94.06,94.2,87.66,91.6,5031634,458017356.31
001301,2026-07-02,90.08,90.66,87.27,87.76,4277968,379194605.76
001301,2026-07-03,62.27,63.2,61.01,61.19,5392094,333808467.46
001301,2026-07-06,60.86,61.1,58.08,58.98,6011300,355703650.92
001301,2026-07-07,59.05,63.5,58.22,58.95,5280420,318480569.96
001301,2026-07-08,58.81,59.74,54.0,54.11,6459863,360388704.85
001301,2026-07-09,54.71,56.98,51.01,52.74,6194486,327095691.04
001301,2026-07-10,52.12,52.73,48.29,48.89,11869420,592704156.38
001301,2026-07-13,48.5,50.82,47.2,50.31,8512520,416939726.82
001301,2026-07-14,49.85,50.54,48.66,49.96,5668020,282316646.0
001301,2026-07-15,50.23,52.88,49.95,51.99,5801080,300468511.0
001301,2026-07-16,51.08,52.24,50.6,51.41,4012465,206248361.55
001301,2026-07-17,51.47,53.7,49.1,49.65,6324651,323050551.55
001301,2026-07-20,48.99,51.8,48.19,50.76,6181389,311047451.25
001301,2026-07-21,50.26,54.5,50.26,52.4,6541504,345547812.6
001301,2026-07-22,52.09,52.4,50.8,51.1,5412140,278949187.94
001301,2026-07-23,51.12,55.63,51.0,55.2,6658660,359359850.66
001301,2026-07-24,54.5,56.51,54.0,55.7,7107508,395156784.4
001301,2026-07-27,55.5,56.8,53.59,54.82,8289739,457610226.69
001301,2026-07-28,54.0,54.49,51.71,52.3,7659961,403875295.84
001301,2026-07-29,52.02,55.59,51.16,55.15,7177067,385789889.75
001301,2026-07-30,54.79,56.98,53.32,56.5,6550440,361254585.0
001301,2026-07-31,55.69,57.02,55.0,55.22,3991760,223668831.6
002251,2026-06-01,4.61,5.2,4.61,5.0,489320048,2425995552.26
002251,2026-06-02,4.85,4.99,4.68,4.88,367719774,1772305769.63
002251,2026-06-03,4.75,4.96,4.56,4.84,360846748,1711929332.05
002251,2026-06-04,4.8,4.91,4.36,4.42,343854698,1563691570.98
002251,2026-06-05,4.46,4.86,4.44,4.86,343181894,1638265989.64
002251,2026-06-08,4.82,5.01,4.66,4.66,396793431,1918093812.83
002251,2026-06-09,4.63,4.66,4.38,4.53,257504032,1161365137.92
002251,2026-06-10,4.63,4.7,4.14,4.17,263615570,1140348851.15
002251,2026-06-11,4.02,4.27,3.86,3.9,229733445,909730951.57
002251,2026-06-12,3.82,4.15,3.78,4.0,238941591,943898034.22
002251,2026-06-15,3.97,4.28,3.95,4.06,218202702,900426048.79
002251,2026-06-16,4.03,4.1,3.95,4.08,157297983,633780299.65
002251,2026-06-17,4.05,4.06,3.88,3.9,146697589,574260055.6
002251,2026-06-18,3.9,3.92,3.76,3.83,140053988,535003233.14
002251,2026-06-22,3.75,3.89,3.72,3.84,143677878,545057378.55
002251,2026-06-23,3.85,4.14,3.82,3.85,178805641,700179935.44
002251,2026-06-24,3.81,3.84,3.58,3.58,183232702,669763917.18
002251,2026-06-25,3.56,3.7,3.49,3.64,136076958,492444165.72
002251,2026-06-26,3.6,3.68,3.4,3.4,129046787,450716424.69
002251,2026-06-29,3.37,3.51,3.32,3.42,110192362,376880186.94
002251,2026-06-30,3.38,3.42,3.32,3.38,84564236,284892652.08
002251,2026-07-01,3.39,3.72,3.34,3.59,203897075,729036358.06
002251,2026-07-02,3.58,3.69,3.54,3.57,156030285,562221272.93
002251,2026-07-03,3.59,3.65,3.48,3.54,107487074,382260170.12
002251,2026-07-06,3.52,3.58,3.49,3.52,77091933,271717967.51
002251,2026-07-07,3.49,3.52,3.39,3.4,71442200,244966088.5
002251,2026-07-08,3.42,3.44,3.33,3.36,84079143,283591348.75
002251,2026-07-09,3.33,3.38,3.28,3.34,75693025,251411661.91
002251,2026-07-10,3.34,3.54,3.3,3.49,135601610,468967845.04
002251,2026-07-13,3.47,3.5,3.31,3.33,98245576,330984315.21
002251,2026-07-14,3.43,3.43,3.31,3.42,107800849,364185100.72
002251,2026-07-15,3.36,3.67,3.35,3.61,167892385,598269685.84
002251,2026-07-16,3.56,3.7,3.55,3.66,134373376,489890516.71
002251,2026-07-17,3.64,3.83,3.43,3.45,152083455,547359797.35
002251,2026-07-20,3.44,3.54,3.39,3.45,116124722,403688510.88
002251,2026-07-21,3.43,3.47,3.34,3.44,95064597,323761516.27
002251,2026-07-22,3.4,3.48,3.38,3.46,80286625,275966790.03
002251,2026-07-23,3.43,3.54,3.38,3.53,91815657,318607134.18
002251,2026-07-24,3.49,3.55,3.36,3.37,85314287,291994651.22
002251,2026-07-27,3.35,3.59,3.35,3.57,121099039,425052894.81
002251,2026-07-28,3.54,3.66,3.52,3.63,94247314,339994039.61
002251,2026-07-29,3.64,3.78,3.63,3.7,125681757,467421979.7
002251,2026-07-30,3.67,3.85,3.63,3.64,144272834,537535753.33
002251,2026-07-31,3.63,3.73,3.56,3.71,108142964,398798512.55
002277,2026-06-01,6.77,6.85,6.63,6.68,39752018,266743194.33
002277,2026-06-02,6.65,6.68,6.42,6.51,33238340,216925623.0
002277,2026-06-03,6.48,6.61,6.4,6.52,23910320,156262262.7
002277,2026-06-04,6.46,6.84,6.4,6.75,34559746,230903369.78
002277,2026-06-05,6.67,6.88,6.66,6.7,27284744,184972286.0
002277,2026-06-08,6.38,6.65,6.37,6.37,25253482,163712738.26
002277,2026-06-09,6.48,6.74,6.35,6.72,27637102,181144141.88
002277,2026-06-10,6.65,6.79,6.54,6.61,25474059,169602044.89
002277,2026-06-11,6.56,6.68,6.42,6.45,18174106,117998726.64
002277,2026-06-12,6.56,6.72,6.44,6.44,27726454,181738683.2
002277,2026-06-15,6.45,6.51,6.16,6.39,38041278,240448723.52
002277,2026-06-16,6.36,6.57,6.26,6.49,30276440,195023725.98
002277,2026-06-17,6.42,6.48,6.14,6.18,32270800,201942074.0
002277,2026-06-18,6.16,6.29,6.0,6.11,24526382,149905490.38
002277,2026-06-22,6.05,6.05,5.81,6.0,29141945,172078878.46
002277,2026-06-23,5.98,6.28,5.93,6.11,24536942,150805320.62
002277,2026-06-24,6.09,6.1,5.81,5.94,25811150,152599017.5
002277,2026-06-25,5.93,6.02,5.81,5.89,16401475,96800975.92
002277,2026-06-26,5.83,5.88,5.66,5.66,20731320,119100102.6
002277,2026-06-29,5.7,6.23,5.65,6.23,53278262,328106515.84
002277,2026-06-30,6.17,6.22,5.86,5.89,48337086,289209415.09
002277,2026-07-01,5.93,6.48,5.91,6.48,43119728,271782479.61
002277,2026-07-02,6.59,6.78,6.46,6.46,60887749,402523309.54
002277,2026-07-03,6.47,6.59,6.33,6.35,37267480,239502997.46
002277,2026-07-06,6.4,6.4,6.13,6.14,27560352,171306372.36
002277,2026-07-07,6.06,6.14,5.97,6.0,21394306,129094449.96
002277,2026-07-08,6.02,6.04,5.8,5.83,19980051,117879815.92
002277,2026-07-09,5.81,5.97,5.8,5.94,19508095,114720507.67
002277,2026-07-10,5.9,5.98,5.81,5.85,21983275,129825258.28
002277,2026-07-13,5.82,5.83,5.5,5.5,22032502,123631569.94
002277,2026-07-14,5.35,5.53,5.32,5.45,18783782,101760740.9
002277,2026-07-15,5.43,6.0,5.34,5.74,29560219,167490075.65
002277,2026-07-16,5.6,5.9,5.53,5.67,23319235,132532254.7
002277,2026-07-17,5.65,5.87,5.62,5.7,21698851,124128864.18
002277,2026-07-20,5.63,5.7,5.38,5.38,21650901,119454003.48
002277,2026-07-21,5.4,5.47,4.9,5.43,28110577,147373085.45
002277,2026-07-22,5.36,5.4,5.2,5.22,16016904,84456156.88
002277,2026-07-23,5.22,5.28,5.17,5.26,10854605,56896032.2
002277,2026-07-24,5.26,5.34,5.19,5.25,12646306,66536876.44
002277,2026-07-27,5.26,5.34,5.19,5.32,11129100,58856296.0
002277,2026-07-28,5.23,5.36,5.22,5.32,10865700,57574452.0
002277,2026-07-29,5.33,5.85,5.32,5.74,49644753,284733415.29
002277,2026-07-30,5.59,5.77,5.51,5.58,32487287,183207684.02
002277,2026-07-31,5.54,5.72,5.54,5.65,20288666,114764622.24
002533,2026-06-01,12.33,12.95,12.33,12.74,18128736,230547420.85
002533,2026-06-02,12.61,12.69,12.2,12.48,13872000,171564080.27
002533,2026-06-03,12.37,12.58,12.27,12.48,8263443,102765758.92
002533,2026-06-04,12.39,12.42,12.09,12.13,10426038,127276386.79
002533,2026-06-05,12.08,12.15,11.82,11.92,11926100,142541027.06
002533,2026-06-08,11.62,11.74,11.19,11.29,12216538,140190762.31
002533,2026-06-09,11.45,11.47,11.2,11.42,8880500,100560894.0
002533,2026-06-10,11.27,11.31,10.88,11.01,11139772,122896622.72
002533,2026-06-11,10.98,11.04,10.65,10.84,8727050,94503484.5
002533,2026-06-12,11.01,11.26,10.83,11.15,11868350,131616438.5
002533,2026-06-15,11.3,11.62,11.3,11.45,10267620,117381884.28
002533,2026-06-16,11.48,11.71,11.35,11.57,10583900,122255212.0
002533,2026-06-17,11.56,11.63,11.34,11.38,9033800,103296106.0
002533,2026-06-18,11.4,11.48,11.21,11.24,9514565,107746892.62
002533,2026-06-22,11.25,11.73,11.0,11.67,14122706,160282210.4
002533,2026-06-23,11.6,11.6,11.14,11.25,10186654,115614161.14
002533,2026-06-24,11.18,11.26,10.92,11.14,9780578,108322090.08
002533,2026-06-25,11.08,11.1,10.78,10.85,8813700,96008156.0
002533,2026-06-26,10.91,11.04,10.35,10.38,12560425,132985006.94
002533,2026-06-29,10.4,10.7,10.1,10.58,11873116,124017848.67
002533,2026-06-30,10.53,10.68,10.4,10.67,6764695,71417681.35
002533,2026-07-01,10.61,10.78,10.4,10.65,10257896,108408218.4
002533,2026-07-02,10.63,10.84,10.55,10.66,8130900,87158714.19
002533,2026-07-03,10.6,11.18,10.59,11.03,13753098,151682290.12
002533,2026-07-06,11.04,11.26,10.93,11.13,11096244,123824267.2
002533,2026-07-07,11.15,11.15,10.54,10.58,8912375,96065665.84
002533,2026-07-08,10.55,10.65,10.37,10.45,5896493,61935771.43
002533,2026-07-09,10.44,10.51,10.17,10.47,7783096,80460734.44
002533,2026-07-10,10.47,10.71,10.33,10.53,7661366,80750785.15
002533,2026-07-13,10.46,10.55,10.15,10.2,6660064,68461175.52
002533,2026-07-14,10.17,10.35,10.04,10.35,6508205,66262631.99
002533,2026-07-15,10.35,10.5,10.25,10.4,5579500,57990105.0
002533,2026-07-16,10.25,10.48,10.25,10.34,4517800,46886389.0
002533,2026-07-17,10.34,10.58,10.29,10.48,11510714,120539012.99
002533,2026-07-20,10.49,10.6,10.21,10.43,10822535,112997750.45
002533,2026-07-21,10.45,10.58,10.37,10.58,9921054,103920042.83
002533,2026-07-22,10.45,10.52,10.3,10.36,9233038,95797180.72
002533,2026-07-23,10.31,11.07,10.31,11.0,19993779,215988855.7
002533,2026-07-24,10.91,10.97,10.46,10.51,12457443,133267981.93
002533,2026-07-27,10.51,10.94,10.47,10.92,9733527,104830537.6
002533,2026-07-28,10.83,11.2,10.76,11.04,10302926,113661106.98
002533,2026-07-29,11.0,11.42,10.96,11.34,13338110,150085489.43
002533,2026-07-30,11.3,11.49,11.22,11.22,13220046,150113409.89
002533,2026-07-31,11.5,11.54,11.27,11.42,16189409,184958825.99
002602,2026-06-01,14.98,15.59,14.86,15.21,195573398,2987514282.96
002602,2026-06-02,15.33,15.35,14.77,14.98,96537354,1441143381.42
002602,2026-06-03,14.88,15.55,14.77,15.02,125673001,1903152661.44
002602,2026-06-04,14.84,14.92,14.61,14.88,88804921,1309993444.25
002602,2026-06-05,14.86,15.45,14.85,14.94,135668390,2059949030.8
002602,2026-06-08,14.75,14.95,14.43,14.59,99956720,1464007857.51
002602,2026-06-09,14.75,14.94,14.37,14.37,104624967,1525985781.24
002602,2026-06-10,14.16,14.73,13.83,14.56,120936729,1739648665.26
002602,2026-06-11,14.52,15.0,14.46,14.78,158683284,2346272139.53
002602,2026-06-12,14.98,15.35,14.37,14.37,476172531,7104989073.53
002602,2026-06-15,14.56,14.62,13.63,13.95,268825189,3782180922.94
002602,2026-06-16,13.86,13.89,13.14,13.25,225520452,3026719305.33
002602,2026-06-17,13.26,13.29,12.88,13.08,132935496,1736161394.77
002602,2026-06-18,13.0,13.28,12.85,12.94,108570240,1412129437.22
002602,2026-06-22,12.81,13.5,12.61,13.46,188138527,2483845781.28
002602,2026-06-23,13.33,13.55,12.95,12.97,128474974,1695334462.92
002602,2026-06-24,12.91,13.6,12.85,13.19,142346786,1884729331.41
002602,2026-06-25,13.06,13.97,13.03,13.74,232904345,3169797410.22
002602,2026-06-26,13.68,14.13,13.25,13.67,186711235,2557072951.51
002602,2026-06-29,13.62,14.08,13.57,13.87,160090675,2220287123.23
002602,2026-06-30,14.0,14.15,13.65,14.1,128588154,1788349195.03
002602,2026-07-01,14.21,14.25,13.01,13.73,194833905,2646683286.86
002602,2026-07-02,13.71,14.36,13.59,13.65,141249896,1966882846.42
002602,2026-07-03,13.6,13.79,13.31,13.46,88240504,1187434268.41
002602,2026-07-06,13.46,14.32,13.33,14.09,176375948,2471465539.47
002602,2026-07-07,14.11,15.05,14.05,14.5,222542546,3267059741.59
002602,2026-07-08,14.73,14.73,13.84,14.23,136669353,1942747406.16
002602,2026-07-09,14.11,14.26,13.71,13.89,117452679,1636113408.53
002602,2026-07-10,13.77,14.53,13.54,14.04,149871949,2109555896.59
002602,2026-07-13,13.91,14.03,13.48,14.0,149663233,2060287179.47
002602,2026-07-14,13.86,13.89,13.21,13.58,135117635,1821358655.48
002602,2026-07-15,13.58,14.43,13.16,14.26,228915835,3197349538.99
002602,2026-07-16,14.05,14.29,13.71,13.91,135582443,1898482797.17
002602,2026-07-17,13.77,13.92,12.96,13.05,176953829,2356371609.51
002602,2026-07-20,13.19,13.5,13.01,13.33,114438738,1520903233.26
002602,2026-07-21,13.3,13.65,13.17,13.59,121372541,1634681234.2
002602,2026-07-22,13.49,13.55,12.74,12.78,180688127,2357692367.35
002602,2026-07-23,12.7,12.7,12.0,12.28,208731892,2548078238.96
002602,2026-07-24,12.12,12.55,12.07,12.38,122921433,1525531832.12
002602,2026-07-27,12.3,12.65,12.29,12.63,91146624,1139048247.64
002602,2026-07-28,12.58,12.83,12.46,12.52,71696103,905964536.65
002602,2026-07-29,12.6,13.77,12.46,13.55,253857541,3383054309.23
002602,2026-07-30,13.45,13.93,13.09,13.19,165495495,2226390805.44
002602,2026-07-31,13.01,13.9,13.0,13.54,174269098,2346681762.21
002638,2026-06-01,4.5,4.78,4.49,4.55,75288950,348736936.0
002638,2026-06-02,4.54,4.57,4.33,4.41,41333800,181698700.0
002638,2026-06-03,4.4,4.5,4.34,4.46,32803200,144832906.0
002638,2026-06-04,4.44,4.47,4.37,4.41,26777500,117992928.0
002638,2026-06-05,4.41,4.51,4.28,4.31,36832250,161111059.0
002638,2026-06-08,4.15,4.35,4.1,4.18,27952650,117627366.5
002638,2026-06-09,4.23,4.25,4.1,4.17,23484300,97310054.0
002638,2026-06-10,4.17,4.17,3.92,4.01,36763900,147637463.0
002638,2026-06-11,3.98,4.24,3.91,4.16,40983190,168761735.5
002638,2026-06-12,4.22,4.23,4.03,4.03,26157004,107174917.84
002638,2026-06-15,4.01,4.1,3.97,4.09,44209563,178453387.25
002638,2026-06-16,4.08,4.14,4.03,4.09,35988622,147439375.6
002638,2026-06-17,4.08,4.1,3.93,3.98,48839925,195345642.0
002638,2026-06-18,3.98,4.17,3.87,4.08,45657725,184286350.25
002638,2026-06-22,4.02,4.12,3.84,3.91,51423305,201911923.2
002638,2026-06-23,3.9,3.98,3.88,3.96,30981779,122053459.76
002638,2026-06-24,3.94,4.0,3.87,3.96,38630654,152368294.06
002638,2026-06-25,3.96,4.11,3.8,3.84,56685250,221421224.5
002638,2026-06-26,3.84,3.84,3.61,3.65,42630607,158021169.73
002638,2026-06-29,3.64,4.02,3.62,4.02,78059055,307894339.5
002638,2026-06-30,4.28,4.42,4.28,4.42,21772127,95437820.84
002638,2026-07-01,4.42,4.49,4.28,4.38,103157000,451028792.5
002638,2026-07-02,4.32,4.35,4.0,4.11,84239600,348553649.0
002638,2026-07-03,4.18,4.22,4.01,4.01,36431800,148507201.0
002638,2026-07-06,4.06,4.1,3.85,3.9,35462550,140560715.5
002638,2026-07-07,3.86,3.96,3.76,3.87,25398738,97591732.68
002638,2026-07-08,3.86,3.87,3.68,3.7,26430100,98501955.99
002638,2026-07-09,3.7,3.91,3.69,3.84,28757450,108637997.0
002638,2026-07-10,3.8,3.93,3.75,3.88,29575449,114310218.66
002638,2026-07-13,3.77,3.85,3.6,3.69,38770853,143337756.95
002638,2026-07-14,3.7,3.75,3.47,3.67,30153500,108928683.9
002638,2026-07-15,3.67,3.72,3.58,3.69,22469957,82178940.08
002638,2026-07-16,3.65,3.75,3.55,3.67,22601200,83095073.0
002638,2026-07-17,3.64,3.67,3.38,3.39,33997300,118999027.0
002638,2026-07-20,3.45,3.47,3.21,3.26,34155200,113670728.0
002638,2026-07-21,3.25,3.49,3.0,3.44,42183044,137906922.6
002638,2026-07-22,3.39,3.49,3.34,3.34,30102900,102106026.0
002638,2026-07-23,3.35,3.41,3.3,3.39,21310250,71535354.0
002638,2026-07-24,3.34,3.59,3.32,3.48,33174700,115166050.0
002638,2026-07-27,3.43,3.52,3.43,3.49,15711900,54702252.0
002638,2026-07-28,3.43,3.54,3.4,3.43,17439700,60619665.0
002638,2026-07-29,3.44,3.52,3.37,3.47,21167750,72673046.5
002638,2026-07-30,3.46,3.53,3.36,3.39,19010425,65186263.75
002638,2026-07-31,3.42,3.57,3.4,3.51,28668600,100815426.0
002795,2026-06-01,7.66,8.4,7.64,8.4,23648512,195644252.24
002795,2026-06-02,8.9,8.9,7.65,7.98,49517552,398751724.96
002795,2026-06-03,7.94,8.08,7.53,7.63,29301684,225951059.68
002795,2026-06-04,7.68,7.9,7.36,7.77,22589028,174664666.36
002795,2026-06-05,7.73,7.8,7.47,7.55,19139784,145341050.64
002795,2026-06-08,7.28,7.64,7.16,7.23,18973040,139322622.0
002795,2026-06-09,7.31,7.39,7.13,7.29,14327352,103650032.8
002795,2026-06-10,7.17,7.26,6.91,7.12,18686609,131873824.25
002795,2026-06-11,7.1,7.79,6.95,7.55,29805405,219531091.45
002795,2026-06-12,7.58,7.82,7.27,7.31,25339180,189720020.84
002795,2026-06-15,7.33,7.48,7.05,7.16,22157304,160232488.56
002795,2026-06-16,7.17,7.88,7.03,7.56,39709952,298691798.8
002795,2026-06-17,7.5,7.76,7.37,7.5,26322732,197343494.88
002795,2026-06-18,7.51,7.67,7.24,7.32,19204571,141962253.21
002795,2026-06-22,7.26,7.33,6.92,7.31,21054429,149581644.91
002795,2026-06-23,7.23,7.49,7.15,7.32,16109292,118029342.68
002795,2026-06-24,7.34,7.61,7.0,7.14,18733364,134806568.8
002795,2026-06-25,7.14,7.15,6.79,6.94,20543396,142595143.36
002795,2026-06-26,6.88,7.1,6.68,6.86,21977000,151719368.0
002795,2026-06-29,6.83,7.05,6.62,6.83,17835424,121733683.6
002795,2026-06-30,6.83,6.97,6.63,6.69,13917436,93887203.96
002795,2026-07-01,6.65,7.36,6.6,7.24,36921916,261615372.81
002795,2026-07-02,7.23,7.45,7.14,7.23,30252120,220434691.2
002795,2026-07-03,7.21,7.35,6.78,6.86,22831148,158235881.32
002795,2026-07-06,6.86,7.0,6.65,6.66,15838832,107697534.8
002795,2026-07-07,6.65,6.65,6.31,6.36,14246700,91807710.04
002795,2026-07-08,6.35,6.45,6.17,6.29,13787200,86562256.0
002795,2026-07-09,6.34,6.45,6.19,6.36,12543544,79317719.28
002795,2026-07-10,6.2,6.6,6.2,6.45,18602398,119857936.26
002795,2026-07-13,6.45,6.45,5.82,5.88,18896652,114211065.98
002795,2026-07-14,5.86,5.97,5.61,5.95,13459330,78824277.24
002795,2026-07-15,5.91,6.38,5.9,6.2,23343678,145205921.16
002795,2026-07-16,6.11,6.24,5.99,6.06,14987317,91251095.49
002795,2026-07-17,6.05,6.55,5.61,5.7,32001213,194729827.99
002795,2026-07-20,5.68,5.73,5.13,5.13,26192532,141809223.88
002795,2026-07-21,5.22,5.28,4.62,5.05,36121496,174717082.8
002795,2026-07-22,4.98,5.26,4.94,5.2,26826824,137549154.04
002795,2026-07-23,5.19,5.48,5.16,5.46,18597224,99357264.32
002795,2026-07-24,5.42,5.42,5.2,5.25,13598848,71855548.6
002795,2026-07-27,5.2,5.58,5.2,5.5,13510192,73776060.8
002795,2026-07-28,5.46,6.05,5.43,6.05,23226915,136399591.43
002795,2026-07-29,6.17,6.3,5.63,6.07,42227624,250233545.35
002795,2026-07-30,6.01,6.1,5.8,5.89,22382600,133016415.36
002795,2026-07-31,5.96,6.12,5.9,6.04,19180219,115804329.18
002871,2026-06-01,20.3,22.13,20.03,22.13,5391819,117166985.61
002871,2026-06-02,21.96,22.87,21.5,22.81,14086873,313979270.96
002871,2026-06-03,22.7,23.27,22.03,22.57,10065675,227973013.97
002871,2026-06-04,21.73,22.17,20.96,21.19,7506724,160127594.66
002871,2026-06-05,20.64,21.23,20.01,20.85,5251432,108868214.88
002871,2026-06-08,20.0,20.53,19.57,19.62,5838064,116426873.16
002871,2026-06-09,19.95,21.58,19.95,21.58,4309767,92099726.86
002871,2026-06-10,21.79,23.2,21.25,21.47,15289999,337614267.8
002871,2026-06-11,21.67,21.81,20.6,21.0,8500539,178909078.96
002871,2026-06-12,21.42,21.55,19.92,20.0,10869968,224569896.96
002871,2026-06-15,20.01,21.59,20.01,21.02,8022900,169387797.0
002871,2026-06-16,21.04,21.38,20.05,20.46,9368867,193119685.46
002871,2026-06-17,20.31,20.61,19.5,19.79,9859192,196257201.7
002871,2026-06-18,19.74,21.21,19.6,20.19,7086758,144739868.24
002871,2026-06-22,20.1,20.4,19.01,19.51,9307588,182053151.75
002871,2026-06-23,19.7,21.46,19.4,21.46,13735978,285843899.42
002871,2026-06-24,21.46,21.69,20.01,20.84,18048368,373265910.65
002871,2026-06-25,20.86,21.15,20.01,20.74,12140244,249460386.98
002871,2026-06-26,20.55,22.33,19.81,21.94,20752734,442555131.97
002871,2026-06-29,21.94,22.52,21.2,21.76,13739948,299853005.02
002871,2026-06-30,21.54,22.54,21.46,22.31,11691273,257845806.7
002871,2026-07-01,22.22,23.76,22.02,23.23,13448069,313336510.11
002871,2026-07-02,22.7,23.0,21.4,21.58,12596265,279368945.96
002871,2026-07-03,21.74,21.95,20.71,20.84,9275212,197067018.85
002871,2026-07-06,20.69,21.7,20.13,21.15,9427286,198315857.75
002871,2026-07-07,21.15,21.46,20.04,20.39,7391721,151692252.66
002871,2026-07-08,20.25,21.3,19.45,20.43,8347710,170351271.65
002871,2026-07-09,20.44,20.62,19.17,20.0,8569864,169448604.1
002871,2026-07-10,19.64,20.58,19.32,19.86,7432043,148682708.99
002871,2026-07-13,19.5,19.76,18.81,18.84,6029625,115952587.27
002871,2026-07-14,18.81,19.14,18.36,18.98,3659619,68916573.53
002871,2026-07-15,19.18,19.25,18.44,18.56,3089112,57954672.61
002871,2026-07-16,18.43,18.51,17.61,17.64,3593211,64634080.18
002871,2026-07-17,17.68,17.7,16.0,16.21,4832723,81341234.28
002871,2026-07-20,16.29,16.92,14.96,15.42,5967276,95383015.36
002871,2026-07-21,15.5,15.83,13.91,15.8,6049932,90554351.3
002871,2026-07-22,15.6,16.25,15.0,15.02,4310900,66921623.0
002871,2026-07-23,15.03,15.39,14.96,15.24,2672000,40544218.0
002871,2026-07-24,15.1,15.28,14.75,15.18,2048800,30748333.0
002871,2026-07-27,15.19,16.58,15.03,16.17,4290117,68488997.24
002871,2026-07-28,16.09,16.38,15.63,15.76,2561400,40972890.0
002871,2026-07-29,15.77,15.82,15.13,15.63,2994286,46257420.35
002871,2026-07-30,15.47,15.63,14.4,14.48,3554797,52795441.02
002871,2026-07-31,15.2,15.9,15.02,15.44,4295925,66549411.37
600241,2026-06-01,7.66,8.16,7.61,8.08,5925800,47572384.0
600241,2026-06-02,8.07,8.07,7.71,7.8,4875800,38021724.0
600241,2026-06-03,7.8,7.84,7.64,7.74,4785036,37041028.83
600241,2026-06-04,7.69,7.8,7.48,7.55,4346100,33005122.0
600241,2026-06-05,7.54,7.78,7.41,7.68,4537331,34588755.39
600241,2026-06-08,7.6,7.7,7.3,7.43,5076400,37791521.0
600241,2026-06-09,7.47,7.67,7.36,7.51,5512900,41336275.0
600241,2026-06-10,7.52,7.52,7.17,7.32,4351000,31812062.0
600241,2026-06-11,7.3,7.37,7.11,7.24,4730283,34278597.09
600241,2026-06-12,7.3,7.44,7.11,7.34,6501800,47526634.0
600241,2026-06-15,7.35,7.52,7.14,7.17,4962140,36172644.8
600241,2026-06-16,7.16,7.34,7.03,7.28,4361700,31442363.0
600241,2026-06-17,7.29,7.42,6.97,7.09,8746600,62610306.78
600241,2026-06-18,7.09,7.11,6.95,6.98,5032739,35290533.0
600241,2026-06-22,7.0,7.27,6.63,7.27,8213159,56903024.22
600241,2026-06-23,7.21,7.57,7.19,7.36,7661640,56723245.8
600241,2026-06-24,7.4,7.4,6.74,6.86,8536800,58970205.0
600241,2026-06-25,6.82,6.88,6.63,6.72,5244520,35171667.2
600241,2026-06-26,6.62,6.77,6.46,6.54,5715900,37606052.0
600241,2026-06-29,6.51,6.7,6.21,6.54,5558656,35694438.68
600241,2026-06-30,6.57,6.63,6.4,6.49,4713400,30528018.0
600241,2026-07-01,6.49,6.71,6.42,6.67,5507800,36325966.0
600241,2026-07-02,6.65,6.82,6.6,6.63,4990800,33425638.0
600241,2026-07-03,6.68,6.83,6.2,6.74,5359400,36194126.0
600241,2026-07-06,6.79,7.41,6.7,7.41,16245900,116359550.0
600241,2026-07-07,7.19,7.31,6.67,6.7,16367201,112048314.67
600241,2026-07-08,6.68,6.78,6.42,6.54,11265401,73813214.47
600241,2026-07-09,6.67,6.92,6.31,6.51,7615263,49636257.44
600241,2026-07-10,6.54,6.76,6.35,6.6,8011562,53258826.44
600241,2026-07-13,6.59,6.77,6.54,6.65,7187600,47736161.0
600241,2026-07-14,6.6,6.93,6.45,6.87,7196002,48648624.44
600241,2026-07-15,6.87,7.05,6.73,6.88,5285100,36551009.0
600241,2026-07-16,6.89,6.98,6.71,6.97,5241002,36197285.86
600241,2026-07-17,6.9,7.04,6.63,6.64,5808700,39727029.0
600241,2026-07-20,6.52,6.81,6.28,6.44,6999319,46005491.08
600241,2026-07-21,6.45,6.45,5.87,6.17,7902100,48231631.0
600241,2026-07-22,6.12,6.25,6.01,6.1,4378900,26792307.0
600241,2026-07-23,6.09,6.44,6.08,6.43,4646100,29112980.0
600241,2026-07-24,6.39,6.47,6.22,6.28,3221300,20362295.0
600241,2026-07-27,6.33,6.91,6.33,6.7,11144085,74531153.65
600241,2026-07-28,6.48,6.95,6.48,6.8,9332000,62879676.0
600241,2026-07-29,6.76,7.48,6.7,7.11,19497236,140168926.28
600241,2026-07-30,6.92,7.03,6.78,6.81,15141800,104712623.0
600241,2026-07-31,6.83,6.89,6.73,6.82,8238500,56121910.0
600280,2026-06-01,3.36,3.52,3.29,3.52,84658500,293206265.0
600280,2026-06-02,3.42,3.87,3.37,3.87,151679809,552412307.86
600280,2026-06-03,3.75,4.2,3.62,3.99,261008049,1031106544.86
600280,2026-06-04,3.99,4.06,3.59,3.59,156664150,584778570.95
600280,2026-06-05,3.49,3.94,3.33,3.4,196506037,715352715.24
600280,2026-06-08,3.38,3.74,3.38,3.74,130982021,475900337.99
600280,2026-06-09,3.67,3.68,3.37,3.42,166431021,574441945.68
600280,2026-06-10,3.45,3.53,3.08,3.08,134219900,430677187.0
600280,2026-06-11,3.06,3.19,2.89,2.89,105872202,315323758.9
600280,2026-06-12,2.88,3.03,2.78,2.93,102242894,297205666.54
600280,2026-06-15,2.92,3.22,2.9,3.09,139479096,435180126.04
600280,2026-06-16,3.05,3.13,3.0,3.11,92295600,282048850.0
600280,2026-06-17,3.15,3.15,2.96,2.97,64275100,192925423.0
600280,2026-06-18,2.99,2.99,2.87,2.88,51878000,150529120.0
600280,2026-06-22,2.86,2.98,2.82,2.98,67415800,196926238.0
600280,2026-06-23,2.95,3.14,2.94,2.98,66882200,201529203.0
600280,2026-06-24,2.95,2.96,2.72,2.75,72548300,202532933.0
600280,2026-06-25,2.71,2.82,2.65,2.69,45651700,124626633.0
600280,2026-06-26,2.66,2.71,2.61,2.61,36857700,97107852.0
600280,2026-06-29,2.61,2.68,2.53,2.65,37758700,98767068.0
600280,2026-06-30,2.62,2.67,2.57,2.63,30641400,80125198.0
600280,2026-07-01,2.63,2.76,2.59,2.73,46055500,124576654.0
600280,2026-07-02,2.73,2.8,2.69,2.76,38765555,106617934.25
600280,2026-07-03,2.77,2.82,2.7,2.77,32312200,89092100.0
600280,2026-07-06,2.73,2.79,2.7,2.7,23485700,64099622.0
600280,2026-07-07,2.72,2.73,2.57,2.58,30363500,79424755.0
600280,2026-07-08,2.58,2.63,2.55,2.61,24308300,62907297.0
600280,2026-07-09,2.59,2.64,2.51,2.57,31255100,80174681.0
600280,2026-07-10,2.57,2.79,2.53,2.72,57344200,154774060.0
600280,2026-07-13,2.64,2.72,2.56,2.57,37440400,97473881.0
600280,2026-07-14,2.63,2.7,2.58,2.65,44536896,117338623.4
600280,2026-07-15,2.6,2.77,2.59,2.68,49770900,134638931.0
600280,2026-07-16,2.65,2.77,2.63,2.72,38023500,103081655.0
600280,2026-07-17,2.72,2.99,2.7,2.92,137312705,394134196.35
600280,2026-07-20,2.72,2.82,2.65,2.79,95960668,263548399.28
600280,2026-07-21,2.7,2.74,2.51,2.57,97619098,248255441.02
600280,2026-07-22,2.47,2.6,2.45,2.52,50509296,127933584.92
600280,2026-07-23,2.49,2.6,2.46,2.58,54549300,138582421.0
600280,2026-07-24,2.55,2.6,2.48,2.49,37223500,93619708.0
600280,2026-07-27,2.5,2.6,2.42,2.58,46073000,117675624.0
600280,2026-07-28,2.56,2.74,2.55,2.68,61104000,163407878.0
600280,2026-07-29,2.68,2.79,2.67,2.76,56555800,155314515.0
600280,2026-07-30,2.73,2.9,2.71,2.72,57659245,160771461.85
600280,2026-07-31,2.68,2.79,2.68,2.77,41925945,115879261.3
600503,2026-06-01,2.66,2.92,2.55,2.92,79569453,223182870.25
600503,2026-06-02,2.95,3.07,2.84,2.85,178806953,525125953.61
600503,2026-06-03,2.82,2.89,2.75,2.89,128998311,362886006.84
600503,2026-06-04,2.81,2.94,2.76,2.77,73714245,207650376.38
600503,2026-06-05,2.81,2.99,2.73,2.77,93296722,262962876.74
600503,2026-06-08,2.7,2.9,2.64,2.78,91733732,256226420.36
600503,2026-06-09,2.76,2.79,2.5,2.66,92796676,242317952.89
600503,2026-06-10,2.6,2.65,2.51,2.54,56313247,144653849.91
600503,2026-06-11,2.51,2.57,2.41,2.45,50534912,125161545.28
600503,2026-06-12,2.48,2.53,2.4,2.46,45053800,111543426.03
600503,2026-06-15,2.46,2.5,2.38,2.41,50125710,121546575.9
600503,2026-06-16,2.41,2.42,2.3,2.36,41543100,97474139.0
600503,2026-06-17,2.34,2.36,2.24,2.25,53649102,122280001.54
600503,2026-06-18,2.25,2.26,2.16,2.17,50201617,110122771.73
600503,2026-06-22,2.16,2.16,2.07,2.15,49804400,105210647.0
600503,2026-06-23,2.13,2.26,2.12,2.19,45280543,99958953.89
600503,2026-06-24,2.17,2.19,2.04,2.09,46849713,98125418.04
600503,2026-06-25,2.12,2.13,2.04,2.08,28998250,60122280.0
600503,2026-06-26,2.08,2.08,1.96,1.97,49155277,98655389.69
600503,2026-06-29,1.97,1.98,1.89,1.97,34765602,67472466.83
600503,2026-06-30,1.96,2.01,1.92,1.99,34997849,69116994.36
600503,2026-07-01,1.99,2.07,1.98,2.04,32078400,65313425.0
600503,2026-07-02,2.07,2.24,2.07,2.18,88934955,194827220.85
600503,2026-07-03,2.14,2.24,2.11,2.13,64380184,138910398.26
600503,2026-07-06,2.12,2.15,2.07,2.08,39010648,82140280.24
600503,2026-07-07,2.07,2.09,1.99,2.01,26945589,54544994.53
600503,2026-07-08,2.01,2.03,1.97,2.0,22689636,45304281.0
600503,2026-07-09,1.99,2.03,1.96,2.0,26994984,53790629.0
600503,2026-07-10,1.99,2.11,1.96,2.06,35839475,73794202.25
600503,2026-07-13,2.05,2.07,1.95,1.96,33864800,67198320.0
600503,2026-07-14,1.96,2.04,1.93,2.02,24770300,49217339.0
600503,2026-07-15,1.99,2.11,1.98,2.09,40982245,84796783.05
600503,2026-07-16,2.07,2.13,2.05,2.08,29176402,61106951.19
600503,2026-07-17,2.06,2.11,1.99,2.01,33834702,69127979.11
600503,2026-07-20,2.0,2.06,1.96,2.0,33000901,66291648.02
600503,2026-07-21,2.0,2.0,1.91,1.95,43498084,84582347.39
600503,2026-07-22,1.94,1.98,1.92,1.95,24289757,47313304.58
600503,2026-07-23,1.93,1.99,1.92,1.98,28673446,56245208.16
600503,2026-07-24,1.96,1.99,1.91,1.91,21890200,42524927.0
600503,2026-07-27,1.9,1.98,1.9,1.97,25715834,50321352.64
600503,2026-07-28,1.95,2.03,1.95,1.98,23991734,47924484.32
600503,2026-07-29,2.0,2.06,1.98,2.04,36237202,73695341.08
600503,2026-07-30,2.04,2.09,2.0,2.02,28730378,58650105.56
600503,2026-07-31,2.04,2.07,2.03,2.06,25546432,52391243.6
600679,2026-06-01,9.81,10.05,9.67,10.01,4061700,40349272.0
600679,2026-06-02,10.0,10.01,9.71,9.75,3498300,34319243.0
600679,2026-06-03,10.1,10.73,10.09,10.73,11025251,115329633.23
600679,2026-06-04,10.8,11.48,10.65,10.83,17639412,194990995.01
600679,2026-06-05,10.73,11.1,10.42,10.57,10592253,112876194.38
600679,2026-06-08,10.46,10.51,10.13,10.35,8019949,82639857.13
600679,2026-06-09,10.38,10.38,9.96,10.01,7274642,73214833.42
600679,2026-06-10,9.99,10.29,9.7,9.77,5688551,55993414.1
600679,2026-06-11,9.63,9.76,9.23,9.31,6463801,60474219.92
600679,2026-06-12,9.34,9.55,9.21,9.46,4650200,43626412.0
600679,2026-06-15,9.38,9.62,9.36,9.44,3613500,34207084.0
600679,2026-06-16,9.44,9.44,9.25,9.34,2746300,25568042.0
600679,2026-06-17,9.31,9.33,9.16,9.21,2868700,26410331.0
600679,2026-06-18,9.22,9.28,9.01,9.02,3414669,31053756.38
600679,2026-06-22,8.99,9.05,8.7,9.04,4048913,35863099.74
600679,2026-06-23,9.01,9.24,8.96,9.05,3182600,29039857.0
600679,2026-06-24,9.04,9.05,8.77,8.81,3128200,27670057.0
600679,2026-06-25,8.71,8.84,8.65,8.75,2718901,23754873.77
600679,2026-06-26,8.75,8.88,8.5,8.71,3810200,33239990.0
600679,2026-06-29,8.71,9.43,8.48,9.17,7909401,71806080.3
600679,2026-06-30,9.14,9.17,8.89,8.92,4478800,40260162.0
600679,2026-07-01,8.9,9.13,8.81,9.09,3092420,27838641.13
600679,2026-07-02,9.03,9.27,9.03,9.13,2809766,25648465.43
600679,2026-07-03,9.09,9.25,9.08,9.2,3301120,30256561.4
600679,2026-07-06,9.16,9.24,9.02,9.06,1677102,15269220.98
600679,2026-07-07,9.07,9.17,8.84,8.93,2161301,19295980.99
600679,2026-07-08,8.92,9.02,8.8,8.96,1915419,17130986.24
600679,2026-07-09,8.9,8.97,8.73,8.84,2783600,24515255.0
600679,2026-07-10,8.79,9.1,8.7,8.99,2767503,24775035.4
600679,2026-07-13,8.97,9.03,8.84,8.89,2092600,18659476.35
600679,2026-07-14,8.89,9.26,8.86,9.17,4672112,42696338.52
600679,2026-07-15,9.16,9.43,9.16,9.3,3278600,30546192.0
600679,2026-07-16,9.3,9.43,9.17,9.34,2771800,25872490.0
600679,2026-07-17,9.27,9.39,9.05,9.2,2944400,27161219.84
600679,2026-07-20,9.26,9.35,9.07,9.18,3082316,28401264.88
600679,2026-07-21,9.19,9.26,8.94,9.01,3392000,30615777.0
600679,2026-07-22,8.96,9.05,8.83,8.92,2002500,17849611.0
600679,2026-07-23,8.86,9.15,8.86,9.14,2225500,20086998.0
600679,2026-07-24,9.1,9.13,8.96,8.96,1508100,13619545.0
600679,2026-07-27,8.97,9.14,8.89,9.09,1482800,13449953.0
600679,2026-07-28,9.05,9.25,9.01,9.19,1911400,17550355.0
600679,2026-07-29,9.15,9.38,9.15,9.34,2642165,24628661.5
600679,2026-07-30,9.58,9.58,9.33,9.37,3706300,35097342.0
600679,2026-07-31,9.37,9.57,9.3,9.54,3055600,28916877.0
600721,2026-06-01,7.27,7.48,7.24,7.46,6712700,49663529.0
600721,2026-06-02,7.45,7.5,7.22,7.31,6441600,47088647.0
600721,2026-06-03,7.3,7.35,7.12,7.29,6366600,46057499.0
600721,2026-06-04,7.26,7.29,7.01,7.1,6951700,49523521.0
600721,2026-06-05,7.11,7.24,6.97,7.08,6352001,44998926.01
600721,2026-06-08,7.25,7.79,7.15,7.79,36953592,282244212.78
600721,2026-06-09,7.75,7.79,7.48,7.51,27827003,210809840.08
600721,2026-06-10,7.71,8.18,7.61,8.02,35727554,284141317.78
600721,2026-06-11,7.81,7.99,7.75,7.87,21936840,171972537.56
600721,2026-06-12,7.82,7.84,7.55,7.77,19612611,150008210.37
600721,2026-06-15,7.69,7.72,7.58,7.66,13746949,104965070.59
600721,2026-06-16,7.61,7.62,7.34,7.36,17107496,126799030.02
600721,2026-06-17,7.38,7.38,7.07,7.15,14434050,103131390.08
600721,2026-06-18,7.08,7.23,7.0,7.11,9378358,66865735.22
600721,2026-06-22,7.01,7.04,6.63,6.83,14954058,100940893.56
600721,2026-06-23,6.76,7.19,6.73,7.04,12762020,89911774.75
600721,2026-06-24,6.96,7.31,6.96,7.07,14224100,101580129.0
600721,2026-06-25,6.98,6.98,6.65,6.77,13024500,87606229.0
600721,2026-06-26,6.62,6.74,6.47,6.5,7351400,48003400.0
600721,2026-06-29,6.46,6.83,6.25,6.75,13195600,87215787.0
600721,2026-06-30,6.65,6.75,6.53,6.62,9101110,60078065.5
600721,2026-07-01,6.57,6.84,6.51,6.83,12255974,82403609.42
600721,2026-07-02,6.75,7.03,6.75,6.9,11124910,77013563.1
600721,2026-07-03,6.98,7.01,6.73,6.96,9268200,63780809.0
600721,2026-07-06,6.87,7.15,6.86,7.02,12394315,87343039.2
600721,2026-07-07,6.98,6.98,6.68,6.8,9640000,65315987.0
600721,2026-07-08,6.71,6.81,6.6,6.69,5970600,39924243.0
600721,2026-07-09,6.63,6.76,6.46,6.55,8316475,54688072.01
600721,2026-07-10,6.49,6.88,6.38,6.8,14040601,94661292.79
600721,2026-07-13,6.79,6.91,6.7,6.75,8731800,58994222.0
600721,2026-07-14,6.7,6.89,6.61,6.88,10254401,69572946.82
600721,2026-07-15,6.89,7.57,6.85,7.57,23014811,171244390.16
600721,2026-07-16,7.65,8.32,7.63,8.31,71517870,573717990.43
600721,2026-07-17,7.76,7.98,7.48,7.48,31812744,243268656.09
600721,2026-07-20,7.04,7.4,6.82,7.26,35258994,252337475.97
600721,2026-07-21,7.14,7.17,6.53,6.86,34486989,234495293.77
600721,2026-07-22,6.74,7.09,6.73,6.81,24859050,171206147.0
600721,2026-07-23,6.71,6.96,6.61,6.95,22316215,151887359.9
600721,2026-07-24,6.88,7.01,6.57,6.6,18813100,127274216.0
600721,2026-07-27,6.56,7.2,6.4,7.0,24716515,171599618.1
600721,2026-07-28,6.96,7.26,6.91,7.07,22555348,161116684.24
600721,2026-07-29,7.21,7.29,6.97,7.06,18317200,129437234.0
600721,2026-07-30,7.04,7.14,6.81,6.85,16330800,113641486.0
600721,2026-07-31,6.91,7.04,6.85,7.03,13065491,91243761.54
600784,2026-06-01,7.5,7.68,7.42,7.65,11112444,84343810.28
600784,2026-06-02,7.65,7.73,7.41,7.54,15771200,119285101.0
600784,2026-06-03,7.48,7.57,7.34,7.4,13445934,99821490.46
600784,2026-06-04,7.39,7.43,7.24,7.42,9221100,67827178.0
600784,2026-06-05,7.42,7.62,7.24,7.58,15171194,113411525.94
600784,2026-06-08,7.4,7.45,7.13,7.15,14412296,104887200.0
600784,2026-06-09,7.26,7.26,7.03,7.18,6268892,44629834.3
600784,2026-06-10,7.13,7.18,6.92,7.08,9396600,65934798.0
600784,2026-06-11,7.03,7.08,6.83,6.88,8650700,59847016.0
600784,2026-06-12,6.95,7.13,6.86,7.06,7620800,53497003.0
600784,2026-06-15,7.06,7.19,7.02,7.15,6780700,48096979.1
600784,2026-06-16,7.09,7.15,7.02,7.04,5840886,41180496.34
600784,2026-06-17,7.0,7.16,6.93,6.96,6885826,48285950.9
600784,2026-06-18,6.98,6.99,6.7,6.76,9836093,67219423.24
600784,2026-06-22,6.73,7.04,6.36,7.01,16539600,111811757.0
600784,2026-06-23,6.95,7.22,6.93,7.0,9958450,70620490.0
600784,2026-06-24,7.0,7.11,6.8,6.89,6903630,47713713.0
600784,2026-06-25,6.88,6.89,6.64,6.67,7810288,52430507.12
600784,2026-06-26,6.7,6.7,6.4,6.42,7549096,48939513.84
600784,2026-06-29,6.34,6.5,6.17,6.46,8835151,55918096.4
600784,2026-06-30,6.45,6.54,6.32,6.5,5649891,36461662.99
600784,2026-07-01,6.48,7.15,6.46,7.15,11758351,81761058.37
600784,2026-07-02,7.31,7.72,7.15,7.59,27491447,208041766.2
600784,2026-07-03,7.59,7.9,7.54,7.8,22859800,178167513.0
600784,2026-07-06,7.75,7.86,7.51,7.6,14492600,110475922.0
600784,2026-07-07,7.54,7.69,7.52,7.57,12367100,93956956.0
600784,2026-07-08,7.57,7.83,7.39,7.65,16602900,127221874.0
600784,2026-07-09,7.65,7.72,7.47,7.63,10788830,81862830.6
600784,2026-07-10,7.56,7.67,7.39,7.45,12191228,91897915.6
600784,2026-07-13,7.41,7.51,7.17,7.31,13234101,97003528.37
600784,2026-07-14,7.31,7.38,7.11,7.27,9661100,69914239.0
600784,2026-07-15,7.23,7.73,7.23,7.6,17916082,135237885.71
600784,2026-07-16,7.47,7.62,7.33,7.55,12427675,92844225.23
600784,2026-07-17,7.48,7.65,7.09,7.09,12028700,88088600.0
600784,2026-07-20,7.12,7.48,6.7,6.81,16957875,119856070.25
600784,2026-07-21,6.81,6.92,6.4,6.73,17142900,114471626.0
600784,2026-07-22,6.74,6.83,6.64,6.67,6524400,43768696.0
600784,2026-07-23,6.63,7.06,6.62,7.0,10251100,70868173.0
600784,2026-07-24,6.92,7.16,6.73,7.03,14413200,100034924.0
600784,2026-07-27,7.03,7.24,6.93,7.13,9459302,67628149.44
600784,2026-07-28,7.03,7.28,7.0,7.04,7988800,56806551.0
600784,2026-07-29,6.99,7.24,6.99,7.06,9169592,65004240.36
600784,2026-07-30,7.03,7.32,7.02,7.24,14306297,103042980.55
600784,2026-07-31,7.28,7.44,7.2,7.3,8416593,61762686.41
600826,2026-06-01,8.65,9.0,8.5,8.98,7231200,63925836.6
600826,2026-06-02,8.99,9.01,8.73,8.75,4894911,43038731.35
600826,2026-06-03,8.78,8.98,8.73,8.81,4685740,41230313.4
600826,2026-06-04,8.77,8.78,8.65,8.74,3526780,30702030.17
600826,2026-06-05,8.68,9.01,8.68,8.83,5577960,49412682.0
600826,2026-06-08,8.69,9.26,8.6,9.04,11040436,99354484.76
600826,2026-06-09,9.01,9.4,8.85,9.33,12041656,109670715.47
600826,2026-06-10,9.29,9.49,9.22,9.38,9518774,89049644.78
600826,2026-06-11,9.38,9.44,9.16,9.27,6832567,63592681.87
600826,2026-06-12,9.35,10.08,9.35,9.98,21316012,209126040.75
600826,2026-06-15,10.18,10.48,10.1,10.3,18381862,189262152.58
600826,2026-06-16,10.33,10.42,10.05,10.26,13060583,133499647.69
600826,2026-06-17,10.3,10.32,9.95,10.26,11722420,118436192.33
600826,2026-06-18,10.15,10.15,9.28,9.34,13477958,129361314.36
600826,2026-06-22,9.3,9.51,9.15,9.41,8609335,80119293.61
600826,2026-06-23,9.36,10.02,9.34,9.5,11311929,109492338.78
600826,2026-06-24,9.44,9.51,9.01,9.21,9360469,86263098.77
600826,2026-06-25,9.21,9.32,9.04,9.12,6202240,56627660.4
600826,2026-06-26,9.11,9.11,8.63,8.7,8198589,72592339.99
600826,2026-06-29,8.77,9.21,8.7,8.93,9515405,85497714.24
600826,2026-06-30,8.86,9.05,8.62,8.79,7856846,68848097.24
600826,2026-07-01,8.76,9.67,8.73,9.67,15347358,144139462.32
600826,2026-07-02,9.86,9.95,9.28,9.32,15649301,150264414.89
600826,2026-07-03,9.32,9.72,9.24,9.52,11848560,111782548.2
600826,2026-07-06,9.63,9.91,9.43,9.51,9268480,88768576.2
600826,2026-07-07,9.5,9.53,8.91,9.09,11231320,102545095.8
600826,2026-07-08,9.1,9.19,8.97,9.02,5540520,50246051.2
600826,2026-07-09,8.88,9.06,8.75,9.02,6681893,59552698.53
600826,2026-07-10,9.02,9.12,8.78,9.0,7133765,64096979.85
600826,2026-07-13,8.96,9.0,8.65,8.69,5929947,52167341.69
600826,2026-07-14,8.5,8.69,8.12,8.3,12146437,101109441.48
600826,2026-07-15,8.49,8.7,8.3,8.48,6784548,57248066.54
600826,2026-07-16,8.51,8.74,8.29,8.59,6135800,52508859.6
600826,2026-07-17,8.59,8.79,7.98,8.06,10608700,87717742.0
600826,2026-07-20,8.06,8.14,7.6,7.74,10282509,80521280.71
600826,2026-07-21,7.78,7.88,7.45,7.72,10431469,79291857.54
600826,2026-07-22,7.72,7.73,7.46,7.52,7408098,56042620.86
600826,2026-07-23,7.43,7.65,7.42,7.61,3758462,28303742.76
600826,2026-07-24,7.54,7.59,7.26,7.27,5139515,37862055.4
600826,2026-07-27,7.2,7.51,7.18,7.47,4345672,32266141.11
600826,2026-07-28,7.41,8.03,7.38,7.94,12503606,97613348.45
600826,2026-07-29,7.85,7.93,7.65,7.74,7889754,61221538.96
600826,2026-07-30,7.77,8.02,7.73,7.77,7279584,57432233.04
600826,2026-07-31,7.89,8.04,7.87,8.0,6424456,51115861.16
600927,2026-06-01,13.91,14.02,13.72,13.92,5619500,78030728.0
600927,2026-06-02,13.91,13.95,13.54,13.56,8733848,119282130.84
600927,2026-06-03,13.61,13.69,13.36,13.4,5337800,72060051.0
600927,2026-06-04,13.42,13.48,13.04,13.13,6813652,90058366.25
600927,2026-06-05,13.2,13.22,12.87,12.89,6390904,83120913.6
600927,2026-06-08,12.79,12.87,12.26,12.39,7053600,88330989.0
600927,2026-06-09,12.43,12.46,12.21,12.31,4556949,56106768.64
600927,2026-06-10,12.25,12.37,12.15,12.34,4536947,55599687.22
600927,2026-06-11,12.29,12.4,11.99,12.12,4554300,55325625.0
600927,2026-06-12,12.13,12.61,12.11,12.48,6644185,82494171.0
600927,2026-06-15,12.49,13.46,12.45,13.11,11762200,154285289.0
600927,2026-06-16,13.0,13.08,12.88,12.93,6838750,88652428.5
600927,2026-06-17,12.93,13.05,12.67,12.77,4840326,61907292.76
600927,2026-06-18,12.8,13.02,12.5,12.7,6906983,88329403.5
600927,2026-06-22,12.69,13.23,12.38,13.21,9013399,115583501.92
600927,2026-06-23,13.25,13.68,13.2,13.4,10200400,137297405.0
600927,2026-06-24,13.53,13.53,12.95,12.98,6001700,78619353.56
600927,2026-06-25,13.01,13.68,12.79,13.41,9840508,130415812.28
600927,2026-06-26,13.36,13.36,12.66,12.71,8328767,107505773.29
600927,2026-06-29,12.63,12.87,12.46,12.62,6137985,77719766.8
600927,2026-06-30,12.8,12.8,12.33,12.45,4885400,60958578.0
600927,2026-07-01,12.55,13.14,12.36,12.97,7572850,97275962.75
600927,2026-07-02,12.86,13.13,12.62,12.7,6429249,82254381.2
600927,2026-07-03,12.86,13.04,12.7,12.87,6485300,83282235.0
600927,2026-07-06,12.9,13.03,12.75,12.88,5191901,66831664.84
600927,2026-07-07,12.85,13.19,12.61,12.71,7483600,96464457.0
600927,2026-07-08,12.71,12.9,12.63,12.8,5361347,68342819.19
600927,2026-07-09,12.66,12.79,12.49,12.75,4523280,57166986.06
600927,2026-07-10,12.8,13.06,12.62,12.93,5348008,68736226.19
600927,2026-07-13,12.86,12.92,12.53,12.64,5480335,69495033.3
600927,2026-07-14,12.62,12.91,12.58,12.91,5113348,65336059.53
600927,2026-07-15,12.73,13.08,12.52,13.07,8172815,104745900.28
600927,2026-07-16,12.92,13.03,12.71,12.84,6392522,81913775.16
600927,2026-07-17,12.79,12.94,12.58,12.58,7806400,99711651.0
600927,2026-07-20,12.58,12.83,12.5,12.77,7876773,99936152.69
600927,2026-07-21,12.7,13.1,12.7,12.93,9498200,122625728.0
600927,2026-07-22,12.92,12.92,12.55,12.74,6265348,79628789.56
600927,2026-07-23,12.6,12.9,12.6,12.89,5037270,64345973.6
600927,2026-07-24,12.85,12.89,12.42,12.44,5789900,73025007.0
600927,2026-07-27,12.41,12.65,12.34,12.62,4342113,54573552.4
600927,2026-07-28,12.51,12.64,12.35,12.47,6040285,75331962.0
600927,2026-07-29,12.47,13.07,12.45,13.0,10729602,137692483.76
600927,2026-07-30,12.91,13.22,12.91,13.17,7046500,92552590.0
600927,2026-07-31,13.32,13.32,13.04,13.26,5476884,72262970.16
600992,2026-06-01,13.02,13.2,12.9,13.18,14295581,186401786.7
600992,2026-06-02,13.05,13.12,12.45,12.5,14676866,185449532.3
600992,2026-06-03,12.31,12.65,11.99,12.11,12153356,149278274.2
600992,2026-06-04,11.88,12.36,11.68,12.21,10425516,125679323.26
600992,2026-06-05,12.1,12.42,11.85,12.28,9144400,110941033.0
600992,2026-06-08,11.86,12.1,11.45,11.51,10552500,124446177.0
600992,2026-06-09,11.63,11.66,10.67,10.82,13352261,146788716.77
600992,2026-06-10,10.53,10.7,10.06,10.17,10481000,108035495.0
600992,2026-06-11,10.0,10.22,9.82,10.01,7442551,74328848.99
600992,2026-06-12,10.16,10.3,9.94,10.03,6986000,70772278.0
600992,2026-06-15,10.12,10.64,10.08,10.15,6921363,70655337.27
600992,2026-06-16,10.17,10.19,9.84,10.05,6256900,62553967.0
600992,2026-06-17,10.03,10.07,9.75,9.8,6113600,60308189.0
600992,2026-06-18,9.8,9.89,9.62,9.69,5266700,51280507.0
600992,2026-06-22,9.69,9.69,9.2,9.53,7536500,70624285.0
600992,2026-06-23,9.51,9.74,9.46,9.58,4943300,47629823.99
600992,2026-06-24,9.51,9.57,9.01,9.12,6661900,61168250.0
600992,2026-06-25,9.12,9.2,8.88,8.98,5374915,48210661.3
600992,2026-06-26,8.9,8.93,8.7,8.77,4736803,41616869.25
600992,2026-06-29,8.6,8.78,8.36,8.68,6562833,56337097.39
600992,2026-06-30,8.77,8.78,8.49,8.62,4756800,40976705.0
600992,2026-07-01,8.62,8.93,8.58,8.76,6323000,55434148.0
600992,2026-07-02,8.76,9.06,8.73,8.8,5356450,47670392.0
600992,2026-07-03,8.82,9.63,8.81,9.4,12103630,112164533.7
600992,2026-07-06,9.31,9.58,8.85,8.88,8450400,76952126.0
600992,2026-07-07,8.91,8.92,8.65,8.69,5496500,48077185.0
600992,2026-07-08,8.69,8.97,8.49,8.8,6337340,55527884.8
600992,2026-07-09,9.39,9.68,9.39,9.68,4803265,46391173.2
600992,2026-07-10,9.78,10.65,9.78,10.65,17226134,177555040.08
600992,2026-07-13,11.72,11.72,11.72,11.72,5441826,63778200.72
600992,2026-07-14,11.39,11.39,10.55,10.55,33122297,359673418.05
600992,2026-07-15,10.28,11.61,10.1,11.35,38238170,426778974.43
600992,2026-07-16,10.96,11.56,10.65,10.65,27546701,299407394.65
600992,2026-07-17,10.65,11.72,10.65,11.72,26687450,306349498.5
600992,2026-07-20,11.72,11.73,10.88,11.03,32288100,362142592.0
600992,2026-07-21,10.9,10.9,9.93,9.93,26087481,261841852.42
600992,2026-07-22,9.69,9.84,9.28,9.53,19673500,188862026.98
600992,2026-07-23,9.35,9.56,9.2,9.54,15221849,143234500.68
600992,2026-07-24,9.3,9.47,9.03,9.06,14178000,130553058.0
600992,2026-07-27,8.89,9.3,8.86,9.23,10125400,92530348.0
600992,2026-07-28,9.15,9.45,9.1,9.17,8497200,78474029.0
600992,2026-07-29,9.25,9.68,9.2,9.34,12873800,120840404.0
600992,2026-07-30,9.27,9.42,8.92,8.94,12441600,113605114.0
600992,2026-07-31,9.09,9.35,9.08,9.34,11650500,108177682.0
601177,2026-06-01,17.46,18.0,17.3,17.76,17093206,302182533.58
601177,2026-06-02,17.57,18.2,17.32,17.62,17636625,313393467.81
601177,2026-06-03,17.32,17.4,15.86,15.86,28500598,457677410.49
601177,2026-06-04,15.25,15.47,14.44,14.5,25343241,377098190.79
601177,2026-06-05,14.21,15.64,13.82,14.83,22858303,334121466.06
601177,2026-06-08,14.28,14.77,14.28,14.66,12087535,176099703.05
601177,2026-06-09,14.66,14.74,14.2,14.4,8857439,127180745.6
601177,2026-06-10,14.15,14.24,13.45,13.51,12971500,178072269.73
601177,2026-06-11,13.46,13.46,13.04,13.22,8434822,111455926.84
601177,2026-06-12,13.39,13.73,13.31,13.48,8438518,114091556.3
601177,2026-06-15,13.51,13.92,13.49,13.85,6480066,89233362.96
601177,2026-06-16,13.87,14.0,13.7,13.96,6664411,92351788.34
601177,2026-06-17,13.88,13.88,13.64,13.7,5886514,80793112.88
601177,2026-06-18,13.65,13.89,13.49,13.64,5925104,81124404.96
601177,2026-06-22,13.6,13.6,12.94,13.4,9446531,124879873.78
601177,2026-06-23,13.43,13.83,13.36,13.53,5881101,79964648.53
601177,2026-06-24,13.4,13.48,13.05,13.12,5823736,76775239.16
601177,2026-06-25,13.34,13.37,12.62,12.63,8740300,111784150.25
601177,2026-06-26,12.52,12.68,12.32,12.43,6610191,82589974.41
601177,2026-06-29,12.42,12.42,11.9,12.2,7340100,88774199.0
601177,2026-06-30,12.09,12.48,12.06,12.41,5215500,64185398.0
601177,2026-07-01,12.41,12.81,12.4,12.66,6977282,88420739.76
601177,2026-07-02,12.75,13.46,12.63,13.01,9868882,129200556.32
601177,2026-07-03,13.18,14.31,13.05,14.31,11561496,161851248.76
601177,2026-07-06,14.3,15.68,14.2,15.39,33905162,503199861.99
601177,2026-07-07,14.73,15.2,14.08,14.14,22598568,327671410.15
601177,2026-07-08,14.11,14.14,13.36,13.37,14406088,196398191.71
601177,2026-07-09,13.37,13.37,12.75,13.16,11607173,151192614.86
601177,2026-07-10,13.18,13.98,13.17,13.82,16610356,224796604.41
601177,2026-07-13,13.51,13.58,12.83,12.83,11030266,144825532.78
601177,2026-07-14,12.77,12.95,12.62,12.83,6461447,82446111.96
601177,2026-07-15,12.8,13.17,12.65,13.12,7156800,93045762.0
601177,2026-07-16,12.91,13.13,12.8,12.95,6071031,78845143.67
601177,2026-07-17,12.88,12.96,12.23,12.39,7153061,90060524.8
601177,2026-07-20,12.39,12.7,11.84,12.09,8277585,101333234.1
601177,2026-07-21,12.16,12.25,11.68,12.25,7431961,89328651.48
601177,2026-07-22,12.23,12.23,11.9,11.95,5118200,61469094.0
601177,2026-07-23,11.88,12.26,11.85,12.22,5019100,60688144.0
601177,2026-07-24,12.06,12.18,11.91,11.92,3128534,37555101.34
601177,2026-07-27,11.83,12.2,11.83,12.16,3698300,44769350.47
601177,2026-07-28,12.01,12.41,12.01,12.3,4208400,51659013.0
601177,2026-07-29,12.4,12.68,12.35,12.65,6715955,84180572.0
601177,2026-07-30,12.52,12.75,12.37,12.46,5062061,63576423.6
601177,2026-07-31,12.71,12.92,12.61,12.88,7284652,93136484.45
603112,2026-06-01,20.24,22.26,20.24,21.56,21818257,472550693.79
603112,2026-06-02,21.6,22.05,20.66,21.94,14734472,317659478.68
603112,2026-06-03,22.01,22.43,21.58,21.94,17204774,377440837.1
603112,2026-06-04,21.73,21.77,20.11,20.51,21997020,453642953.54
603112,2026-06-05,20.51,21.43,20.31,21.1,21906961,458115203.35
603112,2026-06-08,19.5,19.96,18.99,18.99,21054707,404933729.37
603112,2026-06-09,18.81,20.02,18.65,19.8,19697894,384544134.1
603112,2026-06-10,19.7,19.7,18.6,18.67,12445933,236159977.6
603112,2026-06-11,18.11,18.73,17.98,18.25,8655835,158040405.91
603112,2026-06-12,18.5,18.6,18.06,18.26,9425747,172648988.2
603112,2026-06-15,18.39,18.49,18.01,18.27,9925192,180813187.8
603112,2026-06-16,18.31,18.88,18.1,18.75,10953950,203657585.98
603112,2026-06-17,18.62,18.95,18.28,18.48,6753340,124893703.0
603112,2026-06-18,18.45,18.75,18.3,18.5,6783001,125535437.12
603112,2026-06-22,18.5,18.68,17.58,17.72,13583610,243306083.9
603112,2026-06-23,17.72,18.43,17.62,18.0,9305700,167784877.0
603112,2026-06-24,17.96,18.0,17.15,17.78,7711690,135274720.5
603112,2026-06-25,17.8,17.96,17.23,17.37,7145108,125059078.08
603112,2026-06-26,17.36,17.39,16.71,17.03,8495224,144778943.82
603112,2026-06-29,17.21,17.21,16.28,16.35,8130685,134392251.0
603112,2026-06-30,16.23,16.8,16.05,16.73,9172300,149554566.0
603112,2026-07-01,16.64,16.98,16.49,16.7,6169525,102949169.46
603112,2026-07-02,16.63,17.23,16.45,16.51,8400608,141643780.64
603112,2026-07-03,16.69,17.47,16.68,17.31,8432100,144696737.51
603112,2026-07-06,17.31,17.4,16.43,16.47,9411417,158581512.33
603112,2026-07-07,16.43,16.67,15.94,16.0,5768400,93402053.0
603112,2026-07-08,16.02,16.43,15.9,15.9,6236945,100715430.77
603112,2026-07-09,15.87,16.21,15.47,16.21,5717193,90828916.0
603112,2026-07-10,16.16,16.39,15.9,15.97,5094474,82396072.18
603112,2026-07-13,16.16,16.16,15.42,15.5,5887330,92677242.8
603112,2026-07-14,15.5,15.58,14.9,15.33,6517598,98799807.6
603112,2026-07-15,15.29,15.42,14.91,15.02,6628272,99833361.16
603112,2026-07-16,15.02,15.07,14.62,14.69,4504800,66662796.0
603112,2026-07-17,14.7,14.75,13.87,14.13,7444671,106723621.36
603112,2026-07-20,14.13,14.45,13.1,13.38,10717623,146029776.21
603112,2026-07-21,13.43,14.0,12.91,13.7,9821169,132654874.07
603112,2026-07-22,13.71,13.77,13.32,13.47,6790259,92036717.82
603112,2026-07-23,13.43,13.88,13.38,13.88,4402300,60366531.0
603112,2026-07-24,13.8,13.9,13.43,13.55,2937400,40031142.0
603112,2026-07-27,13.55,14.58,13.5,14.5,11314302,159953231.44
603112,2026-07-28,14.31,14.75,14.18,14.21,7823247,112690163.11
603112,2026-07-29,14.21,14.41,13.88,14.04,5662600,79437121.0
603112,2026-07-30,14.0,14.19,13.7,13.92,4197185,58643947.05
603112,2026-07-31,14.18,14.66,14.06,14.54,6746012,97209625.14
603221,2026-06-01,12.27,13.32,12.11,12.92,4320100,55548316.0
603221,2026-06-02,13.04,13.12,12.56,12.73,2471100,31577708.0
603221,2026-06-03,12.82,13.02,12.28,12.47,3153962,39650114.24
603221,2026-06-04,12.35,12.98,12.28,12.6,3436200,43719912.0
603221,2026-06-05,12.69,12.85,12.3,12.5,2330300,29168197.0
603221,2026-06-08,12.2,12.78,12.02,12.21,2973500,36575907.0
603221,2026-06-09,12.28,12.47,12.04,12.24,2197400,26920588.0
603221,2026-06-10,12.18,12.48,11.9,12.08,2890000,35158456.0
603221,2026-06-11,11.89,12.26,11.6,12.21,2404900,28846645.0
603221,2026-06-12,12.26,12.89,12.12,12.51,4823200,60631817.0
603221,2026-06-15,12.51,12.7,11.93,12.26,3786100,46373065.0
603221,2026-06-16,12.24,12.24,11.7,11.97,3516800,41744105.0
603221,2026-06-17,11.92,11.93,11.48,11.53,2503100,29298141.0
603221,2026-06-18,11.5,11.53,11.17,11.43,2290300,26025433.0
603221,2026-06-22,11.41,11.41,10.86,11.39,2459002,27428788.76
603221,2026-06-23,11.29,11.63,11.24,11.43,1856100,21354121.0
603221,2026-06-24,11.43,11.47,10.84,10.84,2098900,23150367.0
603221,2026-06-25,10.82,10.87,10.31,10.35,4347400,45841474.0
603221,2026-06-26,10.24,10.36,9.8,10.16,2456766,24768282.2
603221,2026-06-29,10.07,10.4,9.61,10.16,2847866,28605778.2
603221,2026-06-30,10.15,10.3,9.82,9.87,1966200,19595929.0
603221,2026-07-01,9.9,10.22,9.87,10.0,1941200,19443148.0
603221,2026-07-02,9.95,10.38,9.88,10.08,1917800,19528275.0
603221,2026-07-03,10.08,11.09,10.08,10.71,7112066,76374431.52
603221,2026-07-06,10.91,11.78,10.77,11.78,7718755,87623404.45
603221,2026-07-07,11.9,12.56,11.87,11.99,9985300,120916720.0
603221,2026-07-08,12.59,12.59,11.26,11.58,7021700,81694716.0
603221,2026-07-09,11.88,12.02,11.46,11.71,4772100,55920235.0
603221,2026-07-10,11.58,12.21,11.5,12.05,3596100,43064020.0
603221,2026-07-13,12.01,12.15,11.58,11.77,3083100,36476213.0
603221,2026-07-14,11.64,11.84,11.5,11.72,2631500,30696888.0
603221,2026-07-15,11.75,12.0,11.41,11.41,2561000,29937423.0
603221,2026-07-16,11.62,11.74,11.1,11.13,3071800,34913415.0
603221,2026-07-17,11.03,11.22,10.26,10.31,3703900,39533810.0
603221,2026-07-20,10.35,10.53,9.4,9.56,4151800,41106769.0
603221,2026-07-21,10.52,10.52,10.52,10.52,278100,2925612.0
603221,2026-07-22,11.57,11.57,11.57,11.57,124800,1443936.0
603221,2026-07-23,12.73,12.73,12.73,12.73,187700,2389421.0
603221,2026-07-24,14.0,14.0,14.0,14.0,986700,13813800.0
603221,2026-07-27,15.4,15.4,15.4,15.4,545325,8398005.0
603221,2026-07-28,16.94,16.94,16.94,16.94,793100,13435114.0
603221,2026-07-29,18.63,18.63,18.63,18.63,1123802,20936431.26
603221,2026-07-30,20.49,20.49,20.49,20.49,3311951,67861875.99
603221,2026-07-31,22.54,22.54,22.54,22.54,19990654,450589341.16
603330,2026-06-01,6.43,7.06,6.43,7.06,12760812,88928429.12
603330,2026-06-02,7.1,7.77,6.9,7.77,46527667,343023030.02
603330,2026-06-03,8.55,8.55,8.55,8.55,11836621,101203109.55
603330,2026-06-04,8.55,9.41,8.25,9.41,89464662,807779402.13
603330,2026-06-05,10.15,10.35,8.54,8.61,146545589,1393483223.02
603330,2026-06-08,7.75,8.21,7.75,7.75,91019487,719577735.2
603330,2026-06-09,7.59,8.53,7.35,8.53,89451040,713607399.83
603330,2026-06-10,8.5,9.28,8.31,9.0,112006453,995670554.02
603330,2026-06-11,8.66,8.91,8.5,8.84,65345904,568509877.36
603330,2026-06-12,8.85,9.23,8.39,8.54,52655645,456309670.63
603330,2026-06-15,8.54,8.77,8.21,8.37,53105581,445113663.48
603330,2026-06-16,8.39,8.56,8.04,8.16,45514583,372989004.62
603330,2026-06-17,8.0,8.14,7.9,8.05,40119150,322429285.29
603330,2026-06-18,7.99,7.99,7.48,7.76,40029782,307696147.73
603330,2026-06-22,7.6,7.91,7.41,7.91,38522510,296054674.99
603330,2026-06-23,7.8,8.56,7.73,8.3,60170672,492118369.1
603330,2026-06-24,8.12,8.14,7.7,7.91,44307896,349513472.54
603330,2026-06-25,7.94,8.1,7.54,7.63,34610960,266215926.98
603330,2026-06-26,7.58,7.9,7.42,7.59,29091751,223246345.21
603330,2026-06-29,7.47,7.73,7.2,7.36,29230763,217256630.85
603330,2026-06-30,7.36,8.1,7.32,7.74,41327868,321589942.67
603330,2026-07-01,8.02,8.51,7.96,8.51,36726159,304022450.09
603330,2026-07-02,8.26,9.3,8.26,8.9,70089383,625017547.99
603330,2026-07-03,8.75,8.97,8.53,8.75,47277446,411932031.92
603330,2026-07-06,8.76,9.07,8.57,8.6,31730715,276966331.35
603330,2026-07-07,8.39,8.85,8.32,8.41,31673940,270129834.5
603330,2026-07-08,8.28,8.5,7.82,7.91,32023505,257046423.1
603330,2026-07-09,7.97,8.08,7.6,7.96,22967465,179920001.89
603330,2026-07-10,8.02,8.57,7.83,7.83,31988349,260103924.25
603330,2026-07-13,7.73,7.93,7.12,7.15,29597768,219760807.92
603330,2026-07-14,7.15,7.34,7.01,7.27,20554200,147104707.0
603330,2026-07-15,7.27,8.0,7.01,7.45,32733452,248729932.64
603330,2026-07-16,7.29,7.5,7.21,7.26,23053200,169564837.0
603330,2026-07-17,7.21,7.31,6.63,6.73,24607452,170934642.04
603330,2026-07-20,6.77,6.8,6.06,6.06,27059500,171964144.06
603330,2026-07-21,6.07,6.14,5.51,6.12,27085140,158715183.98
603330,2026-07-22,6.0,6.2,5.95,6.0,14896940,90333479.63
603330,2026-07-23,6.02,6.12,5.93,6.09,13162600,79536231.0
603330,2026-07-24,6.03,6.27,5.9,6.01,15206529,91948657.11
603330,2026-07-27,6.01,6.61,5.98,6.61,13236974,84938647.14
603330,2026-07-28,6.86,7.27,6.82,7.03,46305155,327737207.84
603330,2026-07-29,6.85,7.0,6.54,6.68,31680038,211160877.08
603330,2026-07-30,6.59,6.8,6.56,6.62,20086380,133832158.27
603330,2026-07-31,6.78,7.11,6.71,6.93,22751940,156589994.8
603383,2026-06-01,31.55,33.37,31.32,32.36,7119132,231593841.78
603383,2026-06-02,32.36,32.59,31.43,31.97,5563690,177489671.9
603383,2026-06-03,31.92,32.46,31.05,31.15,6699145,212321272.6
603383,2026-06-04,30.62,31.0,29.91,30.15,6203125,188483009.65
603383,2026-06-05,29.96,30.49,29.13,30.01,4832417,144099322.57
603383,2026-06-08,29.3,30.23,29.05,29.43,4552598,134863890.14
603383,2026-06-09,29.54,30.13,29.45,29.78,3555988,106008092.76
603383,2026-06-10,29.3,29.87,28.7,29.08,3988268,116580512.4
603383,2026-06-11,28.8,29.13,27.32,27.63,6089431,169704423.82
603383,2026-06-12,27.89,29.36,27.7,28.69,6905493,197453225.65
603383,2026-06-15,28.69,30.3,28.69,29.35,6432465,189931851.71
603383,2026-06-16,29.1,29.38,28.84,29.02,4110229,119457610.98
603383,2026-06-17,28.92,29.01,28.4,28.5,3505706,100242310.55
603383,2026-06-18,28.32,29.28,28.32,28.55,3424038,98353301.95
603383,2026-06-22,28.44,30.46,28.0,30.19,8829604,257876641.97
603383,2026-06-23,30.01,30.96,29.91,30.01,5510743,167603600.35
603383,2026-06-24,29.88,30.09,28.53,28.65,5066958,146918378.06
603383,2026-06-25,28.55,29.32,28.15,28.53,4950232,141766488.44
603383,2026-06-26,28.48,28.53,26.6,26.62,5739927,156917087.16
603383,2026-06-29,26.64,26.88,25.99,26.26,3435992,90480063.48
603383,2026-06-30,26.25,26.59,25.86,26.56,3287157,86662808.74
603383,2026-07-01,26.56,29.22,26.48,28.35,8843455,249999869.25
603383,2026-07-02,28.5,28.83,27.5,27.56,5868952,165005590.66
603383,2026-07-03,27.61,28.2,27.41,27.54,3228300,89450821.0
603383,2026-07-06,27.48,27.77,27.09,27.25,3001142,82060801.98
603383,2026-07-07,27.26,27.26,26.28,26.35,2885820,76948409.8
603383,2026-07-08,26.37,26.95,26.17,26.85,3010140,80186838.6
603383,2026-07-09,26.63,27.06,26.32,26.97,3197193,85380457.3
603383,2026-07-10,26.85,27.67,26.55,27.05,4037660,109960225.1
603383,2026-07-13,26.9,27.09,25.95,25.97,3725920,98103307.8
603383,2026-07-14,25.97,26.08,25.18,25.62,3130139,80030762.48
603383,2026-07-15,25.61,26.28,25.4,26.1,3224920,83917419.2
603383,2026-07-16,25.97,26.79,25.7,26.35,4031202,106295936.58
603383,2026-07-17,26.36,26.66,25.47,25.49,3894940,101299498.4
603383,2026-07-20,25.74,26.45,25.53,26.1,3789615,98509121.12
603383,2026-07-21,26.2,26.89,26.04,26.67,4316590,114350430.38
603383,2026-07-22,26.63,27.36,26.36,27.22,4860524,130460772.95
603383,2026-07-23,27.2,28.31,27.0,27.85,5838179,161841170.07
603383,2026-07-24,27.59,29.08,27.52,28.59,9570642,272264599.33
603383,2026-07-27,29.0,29.14,28.03,29.09,6246622,179494017.04
603383,2026-07-28,28.54,30.06,28.53,29.7,7072200,209770623.0
603383,2026-07-29,29.47,29.96,29.19,29.55,5232796,154741096.14
603383,2026-07-30,29.75,30.99,29.58,29.86,9077943,276421833.06
603383,2026-07-31,29.3,31.76,29.3,30.93,10997240,336434137.47
603444,2026-06-01,331.95,343.63,330.0,342.05,1894779,641400500.98
603444,2026-06-02,341.0,341.95,332.1,336.52,1428587,478184409.63
603444,2026-06-03,334.0,339.32,329.98,334.36,1226183,409515036.52
603444,2026-06-04,331.53,333.77,326.91,328.3,1168765,384699137.81
603444,2026-06-05,329.78,345.0,328.3,334.97,1640260,553538496.03
603444,2026-06-08,329.0,339.99,323.71,324.41,1613460,532599034.92
603444,2026-06-09,329.0,329.0,321.5,324.51,1041350,337584461.98
603444,2026-06-10,322.0,325.8,318.0,325.65,1211714,390094451.8
603444,2026-06-11,322.95,330.8,321.79,327.42,1178639,384844141.91
603444,2026-06-12,330.0,343.9,324.49,338.6,2395985,805056365.57
603444,2026-06-15,338.2,343.29,335.0,341.37,1451545,492471249.98
603444,2026-06-16,339.83,339.83,329.04,329.46,1741371,580358197.18
603444,2026-06-17,328.0,328.68,322.5,324.88,1192688,387320484.12
603444,2026-06-18,323.2,328.14,320.61,326.15,1035043,336828477.13
603444,2026-06-22,325.0,332.88,320.06,332.8,1929738,631432906.76
603444,2026-06-23,329.81,331.68,322.39,323.41,1334488,435072164.86
603444,2026-06-24,321.01,335.0,321.0,334.42,1961368,646947223.96
603444,2026-06-25,329.0,355.95,328.33,345.96,2776787,960547472.95
603444,2026-06-26,342.51,355.98,333.26,351.15,2810865,969796603.16
603444,2026-06-29,348.0,365.0,342.58,359.0,2766983,984675372.01
603444,2026-06-30,354.98,359.6,348.23,358.42,2158561,762553481.78
603444,2026-07-01,359.0,366.0,348.2,363.88,2589024,926430358.3
603444,2026-07-02,362.97,379.0,361.5,364.98,3109550,1157682593.11
603444,2026-07-03,365.38,368.96,356.0,358.02,1884399,677732732.52
603444,2026-07-06,354.0,365.0,353.38,361.5,1537074,554385158.86
603444,2026-07-07,359.0,390.0,357.88,374.5,3818585,1444170264.44
603444,2026-07-08,373.5,373.5,359.7,359.75,2461859,895940559.84
603444,2026-07-09,355.76,363.0,348.5,354.01,1975648,702154533.23
603444,2026-07-10,351.0,369.99,341.91,360.2,2733646,976809287.18
603444,2026-07-13,356.0,360.99,341.88,343.7,2182899,758904099.67
603444,2026-07-14,343.33,344.69,330.99,339.69,1683586,567291752.2
603444,2026-07-15,345.0,372.9,344.0,366.44,3396911,1220391888.73
603444,2026-07-16,363.0,371.66,356.53,360.8,2179915,787703868.65
603444,2026-07-17,356.0,364.29,340.66,340.74,2415585,844512031.75
603444,2026-07-20,342.0,354.0,338.11,351.94,2041995,708527031.84
603444,2026-07-21,350.98,360.5,348.12,356.0,1964649,699837264.12
603444,2026-07-22,364.0,365.68,355.5,356.8,2271449,818238259.62
603444,2026-07-23,355.19,358.8,345.23,358.68,1805411,635597337.92
603444,2026-07-24,348.6,355.0,347.8,347.8,1194753,418768296.52
603444,2026-07-27,347.79,352.87,344.22,352.66,1080500,377612888.0
603444,2026-07-28,350.95,354.49,346.67,347.9,1445400,506575659.0
603444,2026-07-29,349.0,379.78,348.9,376.43,4142498,1526104531.97
603444,2026-07-30,374.5,392.18,372.0,383.34,3337886,1281103400.2
603444,2026-07-31,373.75,395.98,373.58,389.35,3709133,1435845880.39
603598,2026-06-01,21.79,24.23,21.79,24.23,42119900,981820849.2
603598,2026-06-02,24.25,24.34,22.66,23.0,38710234,894787305.86
603598,2026-06-03,22.6,22.74,21.7,22.31,25737100,574216313.0
603598,2026-06-04,21.87,22.19,21.01,21.21,19179400,410798830.29
603598,2026-06-05,22.1,22.26,20.42,21.04,24237337,513442553.48
603598,2026-06-08,19.99,21.35,19.83,20.83,18672837,388199732.94
603598,2026-06-09,20.99,21.76,20.26,20.9,22161500,465086166.0
603598,2026-06-10,20.7,21.8,20.42,21.16,27513200,582278898.0
603598,2026-06-11,20.61,20.76,19.04,19.04,23511116,453988227.06
603598,2026-06-12,19.34,19.55,18.39,18.9,20935237,399719609.59
603598,2026-06-15,19.03,19.47,18.92,19.34,15928500,305799076.0
603598,2026-06-16,19.55,19.84,19.04,19.72,13944800,271745111.0
603598,2026-06-17,19.45,19.47,18.9,19.06,13075700,250003743.0
603598,2026-06-18,19.08,19.59,18.54,19.25,13856300,265665635.0
603598,2026-06-22,19.0,20.1,18.88,20.1,18039200,351937655.0
603598,2026-06-23,19.75,19.99,18.77,18.9,15416437,297740114.3
603598,2026-06-24,18.7,18.8,18.18,18.5,10810887,199203153.5
603598,2026-06-25,18.3,18.49,17.72,17.83,13271750,237916865.5
603598,2026-06-26,17.68,17.71,17.05,17.12,10500500,181958377.0
603598,2026-06-29,17.12,17.44,16.75,16.97,9006337,153537867.44
603598,2026-06-30,16.99,17.25,16.76,17.15,7746600,132301690.0
603598,2026-07-01,17.0,17.75,17.0,17.5,11122100,193376723.0
603598,2026-07-02,18.5,19.25,18.04,18.65,35075335,653989365.55
603598,2026-07-03,18.0,18.22,17.01,17.09,26112385,453707050.96
603598,2026-07-06,17.0,17.48,16.51,16.51,15378100,260610313.0
603598,2026-07-07,16.28,16.59,15.92,15.98,10329400,166822995.0
603598,2026-07-08,15.96,16.18,15.52,16.06,10667600,169766331.0
603598,2026-07-09,15.8,16.39,15.51,16.18,11998567,192047708.56
603598,2026-07-10,16.04,17.15,15.7,16.64,18265300,304417193.0
603598,2026-07-13,16.23,16.64,15.7,15.74,12195300,195652928.0
603598,2026-07-14,15.56,15.78,15.02,15.55,9460000,145180609.0
603598,2026-07-15,15.4,16.1,15.4,15.76,9397200,148907020.0
603598,2026-07-16,15.56,16.4,15.52,16.21,12080800,194390433.51
603598,2026-07-17,16.0,16.6,14.95,15.07,14452900,226616670.0
603598,2026-07-20,15.1,15.64,14.7,15.11,11199333,170669723.73
603598,2026-07-21,14.98,15.24,14.07,15.22,12864799,189808505.46
603598,2026-07-22,14.97,15.25,14.78,14.89,7669900,114977278.0
603598,2026-07-23,14.71,15.2,14.63,15.19,7020399,105280596.31
603598,2026-07-24,14.98,15.0,14.54,14.62,6326800,93261400.0
603598,2026-07-27,14.6,15.33,14.46,15.31,8814300,133230353.0
603598,2026-07-28,15.14,15.92,15.14,15.59,9759100,152500431.0
603598,2026-07-29,15.49,15.86,15.21,15.75,9529500,148319292.0
603598,2026-07-30,15.63,16.65,15.47,15.52,13895071,222575304.33
603598,2026-07-31,15.48,17.07,15.4,17.07,20579904,343681423.32
603606,2026-06-01,45.08,45.45,43.85,43.88,14653072,651558102.58
603606,2026-06-02,43.75,43.88,41.5,42.6,22373772,947194395.9
603606,2026-06-03,42.58,42.77,41.8,42.17,10095410,426871062.01
603606,2026-06-04,42.1,42.1,40.78,41.15,14576118,602049773.51
603606,2026-06-05,41.05,41.23,40.16,40.21,12975012,525874837.47
603606,2026-06-08,39.45,40.55,38.21,38.92,13579099,532394983.89
603606,2026-06-09,39.19,39.36,38.28,39.01,11450432,444951113.94
603606,2026-06-10,39.0,39.0,37.32,37.59,18842802,714156592.59
603606,2026-06-11,39.92,40.95,37.75,40.42,44566640,1757488210.09
603606,2026-06-12,40.02,42.4,39.46,41.6,36715968,1495736556.7
603606,2026-06-15,41.11,42.61,40.83,41.31,25386299,1057313172.81
603606,2026-06-16,41.12,41.69,40.56,40.82,17174089,705659524.82
603606,2026-06-17,41.22,41.7,40.53,40.87,15496857,635153434.52
603606,2026-06-18,40.75,40.97,39.61,39.93,19710453,790418686.98
603606,2026-06-22,39.8,40.69,39.15,40.62,16874156,674670438.37
603606,2026-06-23,40.62,41.1,39.33,39.55,14314510,575123177.37
603606,2026-06-24,39.42,39.64,38.71,39.47,10510711,412000639.79
603606,2026-06-25,39.39,39.57,38.85,39.22,11556894,452724677.7
603606,2026-06-26,39.68,40.28,38.0,38.02,15054698,587381231.39
603606,2026-06-29,37.82,41.82,37.68,41.82,28860145,1171167176.97
603606,2026-06-30,41.86,42.56,41.16,41.51,23147469,963290620.56
603606,2026-07-01,41.52,42.68,39.8,42.5,30132320,1247628081.65
603606,2026-07-02,41.96,44.07,41.8,43.36,30179666,1309398059.29
603606,2026-07-03,43.45,44.25,42.87,43.75,18625498,811071250.93
603606,2026-07-06,43.32,43.32,41.72,42.04,16769563,709130799.31
603606,2026-07-07,42.23,42.23,40.3,40.56,15258124,626158624.11
603606,2026-07-08,40.5,40.87,39.43,39.86,11760014,470679134.73
603606,2026-07-09,39.73,39.96,37.66,39.0,19394289,748295351.01
603606,2026-07-10,38.62,40.77,38.31,39.98,16862390,666049881.16
603606,2026-07-13,39.56,40.6,38.8,40.47,17639008,704799717.54
603606,2026-07-14,39.99,41.1,39.54,40.73,15280224,617084327.4
603606,2026-07-15,39.9,40.28,39.14,39.49,14480805,573407826.96
603606,2026-07-16,39.0,40.0,38.81,38.93,9768295,383164708.5
603606,2026-07-17,38.9,38.9,37.5,37.74,12853064,490900058.76
603606,2026-07-20,37.8,39.88,37.79,39.45,17463070,682111509.53
603606,2026-07-21,39.18,40.18,39.16,39.63,14037507,557310414.92
603606,2026-07-22,39.63,39.66,37.6,37.97,23652651,904586637.7
603606,2026-07-23,37.8,40.38,37.61,40.06,23392468,919381123.94
603606,2026-07-24,39.82,41.2,39.2,39.25,23012914,925980698.31
603606,2026-07-27,39.25,40.1,38.66,39.06,16312277,638804641.44
603606,2026-07-28,39.0,39.65,38.81,39.2,12243490,479953816.89
603606,2026-07-29,39.35,41.47,39.05,40.97,21385956,865640864.99
603606,2026-07-30,40.69,41.78,40.5,40.69,15429727,633491590.91
603606,2026-07-31,40.75,41.27,39.93,41.15,19505573,792923911.55
603819,2026-06-01,12.58,13.82,12.5,13.82,11842035,160653409.7
603819,2026-06-02,13.75,14.18,13.13,13.18,12486310,168751563.9
603819,2026-06-03,13.2,13.36,12.33,12.46,9847922,125543039.1
603819,2026-06-04,12.57,12.87,12.12,12.56,8471006,105643152.86
603819,2026-06-05,12.5,12.8,12.03,12.42,6010893,74452437.82
603819,2026-06-08,12.0,12.4,11.9,12.08,5826600,70780204.5
603819,2026-06-09,12.19,12.26,11.78,12.06,4991360,60049190.6
603819,2026-06-10,12.09,12.25,11.71,11.93,4546400,54148739.0
603819,2026-06-11,11.88,11.88,11.4,11.56,3611804,41685658.04
603819,2026-06-12,11.68,11.86,11.42,11.62,3674526,42855797.12
603819,2026-06-15,11.89,12.06,11.39,11.56,6457114,75589368.88
603819,2026-06-16,11.58,12.15,11.3,11.86,7171259,84446044.6
603819,2026-06-17,11.71,11.9,11.59,11.62,4607850,53970912.1
603819,2026-06-18,11.63,11.71,11.43,11.67,4868360,56338309.2
603819,2026-06-22,11.6,12.04,11.16,12.01,7375103,85587850.6
603819,2026-06-23,12.0,12.59,11.9,12.37,6037800,74415982.0
603819,2026-06-24,12.3,12.37,11.62,11.66,5421694,63992633.62
603819,2026-06-25,11.58,12.4,11.41,11.73,7052298,83746207.01
603819,2026-06-26,11.56,11.74,11.16,11.22,5666200,64250276.36
603819,2026-06-29,11.22,11.37,10.73,11.1,5038100,55560584.0
603819,2026-06-30,11.12,11.51,11.02,11.45,3890900,43972520.0
603819,2026-07-01,11.52,12.0,11.42,11.57,4372900,50831936.0
603819,2026-07-02,11.56,12.36,11.56,11.76,6248530,74244809.94
603819,2026-07-03,11.66,12.55,11.66,12.36,8452400,103040467.4
603819,2026-07-06,12.43,13.6,12.43,13.6,13598183,183478035.92
603819,2026-07-07,14.12,14.96,13.43,13.65,37529814,539335355.3
603819,2026-07-08,12.99,13.84,12.99,13.4,20614736,276208567.74
603819,2026-07-09,13.24,13.8,12.88,13.41,14050282,189604105.98
603819,2026-07-10,13.44,14.02,13.3,13.58,12073810,166486000.12
603819,2026-07-13,13.44,13.95,12.8,12.89,13098519,172954857.59
603819,2026-07-14,12.88,13.11,12.45,12.93,8352736,107039469.04
603819,2026-07-15,12.79,13.24,12.67,12.9,6801618,88090723.76
603819,2026-07-16,12.8,13.23,12.52,12.68,6939864,88882534.44
603819,2026-07-17,12.67,12.75,11.53,11.73,9304430,112005708.32
603819,2026-07-20,11.78,11.91,10.82,10.97,7998200,90025195.0
603819,2026-07-21,11.16,11.39,10.21,11.03,9446682,102142656.84
603819,2026-07-22,10.95,11.27,10.68,11.07,6354374,69821578.34
603819,2026-07-23,11.23,11.66,11.01,11.58,5914900,67122330.86
603819,2026-07-24,11.5,11.69,11.1,11.18,3976520,44954471.6
603819,2026-07-27,11.27,11.51,11.12,11.4,3266500,37147554.0
603819,2026-07-28,11.38,11.69,11.28,11.49,3518800,40572610.0
603819,2026-07-29,11.31,12.4,11.15,12.25,8987038,106889386.72
603819,2026-07-30,12.06,12.48,11.85,11.92,6429430,78224420.32
603819,2026-07-31,12.15,13.11,12.06,12.87,11666372,148605935.26
603969,2026-06-01,7.68,8.28,7.62,8.06,20662873,166307378.34
603969,2026-06-02,8.08,8.15,7.81,8.12,16624380,131732908.22
603969,2026-06-03,8.16,8.48,8.12,8.34,25203990,208296516.49
603969,2026-06-04,8.34,8.47,8.18,8.24,11617672,96587836.67
603969,2026-06-05,8.25,8.48,8.08,8.12,11890310,97783641.59
603969,2026-06-08,7.94,8.12,7.67,7.77,13568995,106410661.0
603969,2026-06-09,7.77,8.11,7.77,8.06,11628169,92319746.47
603969,2026-06-10,8.0,8.08,7.69,7.82,12441509,97217802.93
603969,2026-06-11,7.72,7.8,7.54,7.62,8706795,66377735.2
603969,2026-06-12,7.76,7.98,7.65,7.7,11565323,90537866.78
603969,2026-06-15,7.76,7.89,7.72,7.8,8959268,69899570.76
603969,2026-06-16,7.8,8.01,7.66,7.8,13058454,102268785.48
603969,2026-06-17,7.75,7.79,7.32,7.37,21868215,163752263.74
603969,2026-06-18,7.4,7.44,7.1,7.35,17940741,130406487.95
603969,2026-06-22,7.31,7.42,7.07,7.37,16300527,117575350.42
603969,2026-06-23,7.32,7.6,7.29,7.54,22153281,165898532.86
603969,2026-06-24,7.53,7.66,7.34,7.39,12415295,92508838.71
603969,2026-06-25,7.45,7.45,6.99,7.07,17992977,128308464.88
603969,2026-06-26,7.11,7.18,6.71,6.83,17266791,118417189.95
603969,2026-06-29,6.81,7.32,6.74,7.3,21337008,151365731.21
603969,2026-06-30,7.31,7.73,7.2,7.27,19322710,143239667.69
603969,2026-07-01,7.27,7.88,7.2,7.69,25227020,193000291.18
603969,2026-07-02,7.79,8.22,7.63,7.98,27348847,219008079.34
603969,2026-07-03,8.25,8.4,8.07,8.07,19463041,160154203.25
603969,2026-07-06,8.19,8.49,8.03,8.1,18772435,154759146.81
603969,2026-07-07,8.16,8.24,7.79,7.81,13012286,103106497.69
603969,2026-07-08,7.83,7.86,7.68,7.69,9363414,72589117.04
603969,2026-07-09,7.61,7.66,7.29,7.55,12698043,94452286.35
603969,2026-07-10,7.5,7.76,7.22,7.67,17332441,130801825.6
603969,2026-07-13,7.68,8.06,7.08,7.1,41731643,314424961.45
603969,2026-07-14,7.15,7.26,6.99,7.09,22864506,162195639.81
603969,2026-07-15,6.94,7.8,6.94,7.8,23771044,177733395.46
603969,2026-07-16,7.76,7.97,7.55,7.79,26735049,206873797.49
603969,2026-07-17,7.86,7.87,7.01,7.1,26037077,191139911.04
603969,2026-07-20,7.24,7.34,6.98,7.2,23474567,167553820.29
603969,2026-07-21,7.23,7.43,7.05,7.41,18859379,136789693.22
603969,2026-07-22,7.32,7.48,7.26,7.27,12566174,92526169.93
603969,2026-07-23,7.35,7.41,7.15,7.39,10698489,77799220.91
603969,2026-07-24,7.31,7.38,6.98,7.01,16661782,118286266.89
603969,2026-07-27,6.96,7.13,6.96,7.1,8652212,61157361.96
603969,2026-07-28,7.0,7.13,6.88,6.93,10001400,69702675.0
603969,2026-07-29,6.93,7.62,6.85,7.41,32171339,235163106.19
603969,2026-07-30,7.26,7.33,7.04,7.12,19401066,138819572.56
603969,2026-07-31,7.16,7.33,7.14,7.14,14499627,104752373.66
605177,2026-06-01,23.88,24.7,22.44,22.76,13387026,313614148.55
605177,2026-06-02,22.99,23.79,22.33,22.6,9216235,212084499.5
605177,2026-06-03,22.46,24.2,21.5,23.38,9249321,210645301.02
605177,2026-06-04,22.64,23.85,22.56,23.47,5852100,136648174.0
605177,2026-06-05,23.53,24.2,22.51,22.71,5205376,119695295.28
605177,2026-06-08,22.0,22.3,20.44,20.44,5087328,107593151.59
605177,2026-06-09,20.59,22.48,20.35,22.48,6097400,132364107.0
605177,2026-06-10,22.54,22.98,21.09,21.48,5485300,119677137.0
605177,2026-06-11,21.36,22.04,20.55,20.7,4372296,91985829.2
605177,2026-06-12,20.9,21.2,20.2,20.55,4492600,92580993.0
605177,2026-06-15,20.82,22.36,19.21,20.09,8660000,177235485.0
605177,2026-06-16,20.12,20.12,18.69,18.74,6581234,125060346.43
605177,2026-06-17,18.64,18.64,17.73,17.87,6162260,111762578.83
605177,2026-06-18,17.87,18.34,17.37,17.63,4278700,75990846.0
605177,2026-06-22,17.63,18.09,17.06,17.95,4674000,82203555.0
605177,2026-06-23,17.95,18.39,17.71,17.83,3904200,70640297.0
605177,2026-06-24,17.83,18.1,17.07,17.13,4106100,71306902.0
605177,2026-06-25,16.93,17.28,16.55,16.77,4206900,70767212.0
605177,2026-06-26,16.59,16.78,16.0,16.03,2744100,44633338.0
605177,2026-06-29,16.08,17.5,15.45,17.2,6132592,100788935.34
605177,2026-06-30,17.18,17.62,16.6,17.11,3542109,61049037.59
605177,2026-07-01,17.08,18.32,16.82,17.83,3744400,65908497.82
605177,2026-07-02,17.8,18.58,17.75,17.86,3679700,66961348.0
605177,2026-07-03,18.06,18.35,17.54,17.86,2894815,51903995.9
605177,2026-07-06,17.93,18.44,17.44,17.47,2189900,39013911.0
605177,2026-07-07,17.48,17.57,16.51,16.51,2656400,44795594.0
605177,2026-07-08,16.55,16.66,16.13,16.23,2055600,33619736.85
605177,2026-07-09,16.2,16.53,15.7,15.94,2645800,42324411.94
605177,2026-07-10,15.9,16.76,15.54,16.39,2930900,47926026.0
605177,2026-07-13,16.39,16.65,15.86,15.9,2454000,39574668.0
605177,2026-07-14,16.1,16.54,15.7,16.49,2374800,38435963.0
605177,2026-07-15,16.32,16.9,16.16,16.35,2397600,39691898.0
605177,2026-07-16,16.36,16.79,16.06,16.39,2063200,33995177.0
605177,2026-07-17,16.4,16.63,15.34,15.35,2879799,45612603.55
605177,2026-07-20,15.35,15.87,14.8,15.06,3218600,49453721.0
605177,2026-07-21,14.8,15.06,13.71,14.44,4483700,64004101.0
605177,2026-07-22,14.52,14.82,14.31,14.47,3089000,44894224.0
605177,2026-07-23,14.33,14.81,14.14,14.74,2278100,33028918.0
605177,2026-07-24,14.56,14.73,14.19,14.32,1763300,25439918.0
605177,2026-07-27,14.24,14.89,13.96,14.85,2366300,34867220.0
605177,2026-07-28,14.91,15.31,14.72,14.99,1860900,28111536.0
605177,2026-07-29,15.09,15.48,14.91,15.32,2368100,36038258.0
605177,2026-07-30,15.34,15.68,14.9,15.1,2398000,36750715.0
605177,2026-07-31,15.26,15.72,15.19,15.65,1899500,29569417.0
605319,2026-06-01,24.0,25.55,23.76,24.87,6099460,151411227.4
605319,2026-06-02,25.05,25.35,24.53,24.87,2913520,72351461.8
605319,2026-06-03,25.36,27.0,25.0,26.68,10601186,278500557.56
605319,2026-06-04,26.76,27.45,26.68,27.3,7718973,208365908.68
605319,2026-06-05,27.86,28.4,27.3,27.68,8331940,231816350.79
605319,2026-06-08,26.71,28.32,26.6,28.2,8917066,248450165.8
605319,2026-06-09,28.21,28.89,27.57,28.0,6196920,173870125.6
605319,2026-06-10,27.61,27.94,26.74,26.9,4418312,120192518.18
605319,2026-06-11,26.9,26.99,25.5,25.64,5503874,142949810.1
605319,2026-06-12,25.88,26.8,25.71,25.81,3970940,103142306.31
605319,2026-06-15,25.78,26.11,25.6,26.09,3465278,89674753.42
605319,2026-06-16,26.06,26.6,25.91,26.22,3169220,83233662.0
605319,2026-06-17,26.25,26.25,25.58,25.72,3574100,92387430.94
605319,2026-06-18,25.46,26.06,25.3,25.78,2641420,67768135.4
605319,2026-06-22,25.82,25.89,24.01,24.86,6574256,161936531.68
605319,2026-06-23,25.5,25.85,24.05,24.1,4829065,119203976.95
605319,2026-06-24,24.08,24.23,23.49,23.69,3770354,89804376.3
605319,2026-06-25,23.71,24.45,23.36,23.65,4463900,106267225.8
605319,2026-06-26,23.51,23.6,22.38,22.7,4264318,97374686.94
605319,2026-06-29,22.81,22.99,21.95,22.52,4078020,91138791.2
605319,2026-06-30,22.52,23.12,22.22,22.69,2750260,62702028.0
605319,2026-07-01,22.8,23.1,22.5,22.7,2580600,58754270.8
605319,2026-07-02,22.61,22.99,22.08,22.22,3291960,74168069.0
605319,2026-07-03,22.44,23.08,22.27,22.68,3193900,72675102.2
605319,2026-07-06,22.6,23.34,22.6,23.12,3230039,74462484.01
605319,2026-07-07,23.2,23.29,22.45,22.8,2817020,64154875.26
605319,2026-07-08,22.75,22.88,22.03,22.03,2479720,55138020.6
605319,2026-07-09,22.19,24.23,21.84,24.23,6720713,157845692.19
605319,2026-07-10,24.54,25.05,24.35,24.69,6652821,164627136.12
605319,2026-07-13,24.93,24.95,23.3,23.45,4539320,108191083.0
605319,2026-07-14,23.67,23.67,22.74,23.32,3096480,71638348.0
605319,2026-07-15,23.2,23.82,23.01,23.33,2402820,56253136.8
605319,2026-07-16,23.08,23.58,22.6,22.67,2453889,56383205.53
605319,2026-07-17,22.96,22.96,20.58,20.61,6563195,142108955.7
605319,2026-07-20,21.12,21.29,19.98,20.4,4364884,90025186.28
605319,2026-07-21,20.3,20.83,19.71,20.74,3801780,77560982.2
605319,2026-07-22,20.76,20.77,20.0,20.18,2509620,50895110.2
605319,2026-07-23,20.07,20.54,20.07,20.51,1379520,28013763.0
605319,2026-07-24,20.31,21.16,20.25,21.0,2058180,42725929.4
605319,2026-07-27,21.0,22.98,21.0,22.49,4264295,94161210.25
605319,2026-07-28,22.26,22.68,22.0,22.35,2358880,52831441.4
605319,2026-07-29,22.35,22.67,22.0,22.57,2016120,45281188.6
605319,2026-07-30,22.65,22.8,22.12,22.57,2245820,50381600.8
605319,2026-07-31,22.57,23.27,22.57,22.76,2273640,52083175.4
605366,2026-06-01,10.81,11.0,10.25,10.68,25749628,274285831.04
605366,2026-06-02,10.78,10.87,10.49,10.66,18557270,197925448.28
605366,2026-06-03,10.79,10.94,10.47,10.71,20246068,216036546.03
605366,2026-06-04,10.68,11.36,10.57,11.2,26152150,284997937.35
605366,2026-06-05,11.19,11.55,10.81,10.84,30336563,337633360.41
605366,2026-06-08,10.37,10.6,9.98,10.1,23441192,240701292.86
605366,2026-06-09,10.24,10.65,9.96,10.57,17199797,176907005.13
605366,2026-06-10,10.35,11.18,10.34,10.71,20523968,220370264.22
605366,2026-06-11,10.64,10.81,10.19,10.55,16193074,169117235.54
605366,2026-06-12,10.6,10.82,10.07,10.15,20749182,214139248.24
605366,2026-06-15,10.16,10.42,9.99,10.35,23265537,237954718.7
605366,2026-06-16,10.35,11.29,10.21,11.0,29135434,315530427.18
605366,2026-06-17,10.95,11.03,10.66,10.77,20052021,216793468.55
605366,2026-06-18,10.65,10.75,10.2,10.71,22417201,235572851.53
605366,2026-06-22,10.9,11.43,9.64,9.82,46480196,466399863.32
605366,2026-06-23,10.02,10.8,9.67,10.8,23344244,244292025.22
605366,2026-06-24,11.23,11.88,10.82,11.88,68328102,777308505.16
605366,2026-06-25,13.07,13.07,13.07,13.07,14954836,195459706.52
605366,2026-06-26,13.59,14.38,13.13,14.38,151387048,2154987180.85
605366,2026-06-29,14.2,14.9,13.5,13.98,110918419,1562428153.7
605366,2026-06-30,13.7,13.97,12.58,13.03,102371219,1327340842.78
605366,2026-07-01,12.8,13.83,12.58,12.85,87154096,1143091896.64
605366,2026-07-02,12.25,13.43,12.01,12.63,64288891,819045818.31
605366,2026-07-03,12.36,12.62,11.71,11.93,55774810,674160801.12
605366,2026-07-06,11.92,12.2,10.93,10.99,47510363,542386331.02
605366,2026-07-07,11.15,11.66,10.66,11.15,52145975,575308099.17
605366,2026-07-08,11.13,11.28,10.43,10.45,35035993,375700667.75
605366,2026-07-09,10.6,11.13,10.28,10.76,34721153,370165443.73
605366,2026-07-10,10.62,10.91,10.3,10.31,30482225,320755470.96
605366,2026-07-13,10.11,10.2,9.28,9.28,35589222,344010815.81
605366,2026-07-14,9.22,9.65,9.04,9.39,25179803,234263854.71
605366,2026-07-15,9.39,9.53,9.1,9.19,21291451,197272108.38
605366,2026-07-16,9.08,9.16,8.53,8.62,27866806,245085356.3
605366,2026-07-17,8.5,8.6,7.77,7.89,35806916,290662517.57
605366,2026-07-20,7.99,7.99,7.1,7.1,44052374,327738337.38
605366,2026-07-21,7.2,7.31,6.39,7.31,47027107,324405269.84
605366,2026-07-22,7.29,7.33,6.93,7.0,28451693,202187724.72
605366,2026-07-23,7.01,7.42,6.95,7.34,30981903,223878893.27
605366,2026-07-24,7.27,7.44,7.08,7.09,24743365,178870603.85
605366,2026-07-27,7.09,7.57,6.93,7.53,26925148,197939783.8
605366,2026-07-28,7.46,7.7,7.18,7.25,21825111,161637601.45
605366,2026-07-29,7.25,7.26,6.91,7.16,29393400,208470260.53
605366,2026-07-30,7.18,7.23,6.7,6.84,24866949,171498158.92
605366,2026-07-31,7.09,7.32,7.01,7.01,22874030,163436053.39
